gene,homo,LT_C03@5.9,LT_C04@15,LT_C09@9,MS_C05@39.5,VG_C04@2.4,VG_C05@39.9,VG_C07@43.4,LA_C01@3.4,LA_C03@0.7,LA_C06@18.7,LA_C07@37,LA_C09@49.5,LM_C03@0.7,LM_C03@53.5,LM_C07@39.5,LC_C09@15.1,FC_C03@55.7,SE_C08@38,SF_C04@50.3,SH_C01@2.1,SS_C01@6.1,ST_C01@3.2,BS_C01@1.3,BS_C03@36.8,BS_C05@43,BS_C06@3.8,BS_C07@9.9,BU_C03@1.7,BU_C04@51.5,BR_C08@23.2,BR_C09@49.5,HC_C06@23,HC_C09@48.8,HD_C05@2.9,HD_C07@43.6,HD_C07@46.5,HE_C06@38.5,HE_C08@28.8,HE_C09@47.7,HS_C02@41.7,HS_C08@20.6,HS_C09@37.1,HU_C04@34.2,HU_C09@5.6,HU_C09@48.8,OQ_C03@57,OQ_C04@33.3,OQ_C08@24,OQ_C09@49.5,DM_C03@6.4,DM_C09@50,DF_C03@6.4,DF_C09@50,HA_C05@4,HA_C06@25.9,HA_C07@41.2
FLC5b,Bo9g173400,F,F,F,F,F,F,F,F,F,F,F,-1.54,F,F,F,F,F,F,F,F,F,F,F,F,F,F,F,F,F,F,-1.57,F,F,F,F,F,F,F,F,F,F,F,F,F,F,F,F,F,-1.56,F,-1.02,F,-1.02,F,F,F
FLC5a,Bo9g173370,F,F,F,F,F,F,F,F,F,F,F,-1.51,F,F,F,F,F,F,F,F,F,F,F,F,F,F,F,F,F,F,-1.54,F,F,F,F,F,F,F,F,F,F,F,F,F,F,F,F,F,-1.53,F,-0.99,F,-0.99,F,F,F
GRF8,Bo9g172070,F,F,F,F,F,F,F,F,F,F,F,-1.33,F,F,F,F,F,F,F,F,F,F,F,F,F,F,F,F,F,F,-1.36,F,F,F,F,F,F,F,F,F,F,F,F,F,F,F,F,F,-1.35,F,-0.81,F,-0.81,F,F,F
SEP1,Bo9g163790,F,F,F,F,F,F,F,F,F,F,F,1.18,F,F,F,F,F,F,F,F,F,F,F,F,F,F,F,F,F,F,1.15,F,0.51,F,F,F,F,F,-0.63,F,F,-11.19,F,F,0.51,F,F,F,1.16,F,1.7,F,1.7,F,F,F
CO,Bo9g163730,F,F,F,F,F,F,F,F,F,F,F,1.22,F,F,F,F,F,F,F,F,F,F,F,F,F,F,F,F,F,F,1.19,F,0.55,F,F,F,F,F,-0.59,F,F,-11.15,F,F,0.55,F,F,F,1.2,F,1.74,F,1.74,F,F,F
COL1,Bo9g163720,F,F,F,F,F,F,F,F,F,F,F,1.23,F,F,F,F,F,F,F,F,F,F,F,F,F,F,F,F,F,F,1.2,F,0.56,F,F,F,F,F,-0.58,F,F,-11.14,F,F,0.56,F,F,F,1.21,F,1.75,F,1.75,F,F,F
DOT2,Bo9g161800,F,F,F,F,F,F,F,F,F,F,F,1.78,F,F,F,F,F,F,F,F,F,F,F,F,F,F,F,F,F,F,1.75,F,1.11,F,F,F,F,F,-0.03,F,F,-10.59,F,F,1.11,F,F,F,1.76,F,F,F,F,F,F,F
EFS,Bo6g121240,F,F,F,F,F,F,F,F,F,F,F,F,F,F,F,F,F,F,F,F,F,F,F,F,F,F,F,F,F,F,F,F,F,F,F,F,0.07,F,F,F,F,F,F,F,F,F,F,F,F,F,F,F,F,F,F,F
TSF,Bo6g120900,F,F,F,F,F,F,F,F,F,F,F,F,F,F,F,F,F,F,F,F,F,F,F,F,F,F,F,F,F,F,F,F,F,F,F,F,0.25,F,F,F,F,F,F,F,F,F,F,F,F,F,F,F,F,F,F,F
PIN1,Bo6g116850,F,F,F,F,F,F,F,F,F,F,F,F,F,F,F,F,F,F,F,F,F,F,F,F,F,F,F,F,F,F,F,F,F,F,F,F,1.88,F,F,F,F,F,F,F,F,F,F,F,F,F,F,F,F,F,F,F
VIN3,Bo7g114310,F,F,F,F,F,F,-1.96,F,F,F,F,F,F,F,F,F,F,F,F,F,F,F,F,F,F,F,F,F,F,F,F,F,F,F,-1.81,1.09,F,F,F,F,F,F,F,F,F,F,F,F,F,F,F,F,F,F,F,F
ADP1,Bo7g113570,F,F,F,F,F,F,-1.53,F,F,F,F,F,F,F,F,F,F,F,F,F,F,F,F,F,F,F,F,F,F,F,F,F,F,F,-1.38,1.52,F,F,F,F,F,F,F,F,F,F,F,F,F,F,F,F,F,F,F,F
RPT2a,Bo7g113510,F,F,F,F,F,F,-1.47,F,F,F,F,F,F,F,F,F,F,F,F,F,F,F,F,F,F,F,F,F,F,F,F,F,F,F,-1.32,1.58,F,F,F,F,F,F,F,F,F,F,F,F,F,F,F,F,F,F,F,F
BIGPETAL,Bo5g010880,F,F,F,35.31,F,35.74,F,F,F,F,F,F,F,F,F,F,F,F,F,F,F,F,F,F,F,F,F,F,F,F,F,F,F,-1.29,F,F,F,F,F,F,F,F,F,F,F,F,F,F,F,F,F,F,F,-0.15,F,F
ATSK14,Bo5g010280,F,F,F,35.64,F,F,F,F,F,F,F,F,F,F,F,F,F,F,F,F,F,F,F,F,F,F,F,F,F,F,F,F,F,-0.96,F,F,F,F,F,F,F,F,F,F,F,F,F,F,F,F,F,F,F,0.18,F,F
ATSK11,Bo5g010280,F,F,F,35.64,F,F,F,F,F,F,F,F,F,F,F,F,F,F,F,F,F,F,F,F,F,F,F,F,F,F,F,F,F,-0.96,F,F,F,F,F,F,F,F,F,F,F,F,F,F,F,F,F,F,F,0.18,F,F
PHYA,Bo5g009990,F,F,F,35.77,F,F,F,F,F,F,F,F,F,F,F,F,F,F,F,F,F,F,F,F,F,F,F,F,F,F,F,F,F,-0.83,F,F,F,F,F,F,F,F,F,F,F,F,F,F,F,F,F,F,F,0.31,F,F
PLL1,Bo5g008350,F,F,F,F,F,F,F,F,F,F,F,F,F,F,F,F,F,F,F,F,F,F,F,F,F,F,F,F,F,F,F,F,F,0.08,F,F,F,F,F,F,F,F,F,F,F,F,F,F,F,F,F,F,F,1.22,F,F
BODENLOS/IAA12,Bo5g004680,F,F,F,F,F,F,F,F,F,F,F,F,F,F,F,F,F,F,F,F,F,F,F,F,F,F,F,F,F,F,F,F,F,1.52,F,F,F,F,F,F,F,F,F,F,F,F,F,F,F,F,F,F,F,2.66,F,F
CRY2,Bo5g004560,F,F,F,F,F,F,F,F,F,F,F,F,F,F,F,F,F,F,F,F,F,F,F,F,F,F,F,F,F,F,F,F,F,1.58,F,F,F,F,F,F,F,F,F,F,F,F,F,F,F,F,F,F,F,F,F,F
REF6,Bo8g076910,F,F,F,F,F,F,F,F,F,F,F,F,F,F,F,F,F,F,F,F,F,F,F,F,F,F,F,F,F,-1.81,F,F,F,F,F,F,F,3.74,F,F,-4.43,F,F,F,F,F,F,-0.98,F,F,F,F,F,F,F,F
CDF5,Bo8g076530,F,F,F,F,F,F,F,F,F,F,F,F,F,F,F,F,F,F,F,F,F,F,F,F,F,F,F,F,F,-1.4,F,F,F,F,F,F,F,4.15,F,F,-4.02,F,F,F,F,F,F,-0.57,F,F,F,F,F,F,F,F
PIN1,Bo8g071640,F,F,F,F,F,F,F,F,F,F,F,F,F,F,F,F,F,F,F,F,F,F,F,F,F,F,F,F,F,-0.71,F,F,F,F,F,F,F,4.84,F,F,-3.33,F,F,F,F,F,F,0.12,F,F,F,F,F,F,F,F
REM1,Bo8g071450,F,F,F,F,F,F,F,F,F,F,F,F,F,F,F,F,F,F,F,F,F,F,F,F,F,F,F,F,F,-0.57,F,F,F,F,F,F,F,4.98,F,F,-3.19,F,F,F,F,F,F,0.26,F,F,F,F,F,F,F,F
MONOPTEROS/ARF5,Bo8g069820,F,F,F,F,F,F,F,F,F,F,F,F,F,F,F,F,F,F,F,F,F,F,F,F,F,F,F,F,F,0.49,F,F,F,F,F,F,F,6.04,F,F,-2.13,F,F,F,F,F,F,1.32,F,F,F,F,F,F,F,F
WRKY4,Bo8g065800,F,F,F,F,F,F,F,F,F,F,F,F,F,F,F,F,F,F,F,F,F,F,F,F,F,F,F,F,F,2.29,F,F,F,F,F,F,F,7.84,F,F,-0.33,F,F,F,F,F,F,3.12,F,F,F,F,F,F,F,F
DRL1,Bo8g065700,F,F,F,F,F,F,F,F,F,F,F,F,F,F,F,F,F,F,F,F,F,F,F,F,F,F,F,F,F,2.35,F,F,F,F,F,F,F,7.9,F,F,-0.27,F,F,F,F,F,F,3.18,F,F,F,F,F,F,F,F
ATSK14,Bo8g058950,F,F,F,F,F,F,F,F,F,F,F,F,F,F,F,F,F,F,F,F,F,F,F,F,F,F,F,F,F,4.08,F,F,F,F,F,F,F,9.63,F,F,1.46,F,F,F,F,F,F,F,F,F,F,F,F,F,F,F
ATSK11,Bo8g058950,F,F,F,F,F,F,F,F,F,F,F,F,F,F,F,F,F,F,F,F,F,F,F,F,F,F,F,F,F,4.08,F,F,F,F,F,F,F,9.63,F,F,1.46,F,F,F,F,F,F,F,F,F,F,F,F,F,F,F
RPT2a,Bo8g054710,F,F,F,F,F,F,F,F,F,F,F,F,F,F,F,F,F,F,F,F,F,F,F,F,F,F,F,F,F,4.94,F,F,F,F,F,F,F,10.49,F,F,2.32,F,F,F,F,F,F,F,F,F,F,F,F,F,F,F
KAN3,Bo8g049650,F,F,F,F,F,F,F,F,F,F,F,F,F,F,F,F,F,F,F,F,F,F,F,F,F,F,F,F,F,7.19,F,F,F,F,F,F,F,F,F,F,4.57,F,F,F,F,F,F,F,F,F,F,F,F,F,F,F
VRN2,Bo8g045980,F,F,F,F,F,F,F,F,F,F,F,F,F,F,F,F,F,F,F,F,F,F,F,F,F,F,F,F,F,7.77,F,F,F,F,F,F,F,F,F,F,5.15,F,F,F,F,F,F,F,F,F,F,F,F,F,F,F
BRX,Bo8g030320,F,F,F,F,F,F,F,F,F,F,F,F,F,F,F,F,F,F,F,F,F,F,F,F,F,F,F,F,F,13.8,F,F,F,F,F,F,F,F,F,F,F,F,F,F,F,F,F,F,F,F,F,F,F,F,F,F
KAN2,Bo8g030100,F,F,F,F,F,F,F,F,F,F,F,F,F,F,F,F,F,F,F,F,F,F,F,F,F,F,F,F,F,14.05,F,F,F,F,F,F,F,F,F,F,F,F,F,F,F,F,F,F,F,F,F,F,F,F,F,F
CLV1*,Bo8g026980,F,F,F,F,F,F,F,F,F,F,F,F,F,F,F,F,F,F,F,F,F,F,F,F,F,F,F,F,F,15.67,F,F,F,F,F,F,F,F,F,F,F,F,F,F,F,F,F,F,F,F,F,F,F,F,F,F
AT-ACC1,Bo8g025650,F,F,F,F,F,F,F,F,F,F,F,F,F,F,F,F,F,F,F,F,F,F,F,F,F,F,F,F,F,16.11,F,F,F,F,F,F,F,F,F,F,F,F,F,F,F,F,F,F,F,F,F,F,F,F,F,F
PLL1,Bo8g010680,F,F,F,F,F,F,F,F,F,F,F,F,F,F,F,F,F,F,F,F,F,F,F,F,F,F,F,F,F,21.52,F,F,F,F,F,F,F,F,F,F,F,F,F,F,F,F,F,F,F,F,F,F,F,F,F,F
CRY2,Bo8g002920,F,F,F,F,F,F,F,F,F,F,F,F,F,F,F,F,F,F,F,F,F,F,F,F,F,F,F,F,F,22.61,F,F,F,F,F,F,F,F,F,F,F,F,F,F,F,F,F,F,F,F,F,F,F,F,F,F
PIN1,Bo6g094450,F,F,F,F,F,F,F,F,F,F,F,F,F,F,F,F,F,F,F,F,F,F,F,F,F,F,F,F,F,F,F,-6.07,F,F,F,F,F,F,F,F,F,F,F,F,F,F,F,F,F,F,F,F,F,F,-3.13,F
PIN1,Bo6g087700,F,F,F,F,F,F,F,F,F,F,F,F,F,F,F,F,F,F,F,F,F,F,F,F,F,F,F,F,F,F,F,-4.83,F,F,F,F,F,F,F,F,F,F,F,F,F,F,F,F,F,F,F,F,F,F,-1.89,F
TOPLESS/TPL,Bo6g080420,F,F,F,F,F,F,F,F,F,F,F,F,F,F,F,F,F,F,F,F,F,F,F,F,F,F,F,F,F,F,F,-1.48,F,F,F,F,F,F,F,F,F,F,F,F,F,F,F,F,F,F,F,F,F,F,1.46,F
GA20OX5,Bo6g080270,F,F,F,F,F,F,F,F,F,F,F,F,F,F,F,F,F,F,F,F,F,F,F,F,F,F,F,F,F,F,F,-1.39,F,F,F,F,F,F,F,F,F,F,F,F,F,F,F,F,F,F,F,F,F,F,1.55,F
LMI2,Bo6g077600,F,F,F,F,F,F,F,F,F,F,F,F,F,F,F,F,F,F,F,F,F,F,F,F,F,F,F,F,F,F,F,-0.12,F,F,F,F,F,F,F,F,F,F,F,F,F,F,F,F,F,F,F,F,F,F,F,F
ATSK17,Bo6g077490,F,F,F,F,F,F,F,F,F,F,F,F,F,F,F,F,F,F,F,F,F,F,F,F,F,F,F,F,F,F,F,-0.02,F,F,F,F,F,F,F,F,F,F,F,F,F,F,F,F,F,F,F,F,F,F,F,F
ATSK11,Bo6g077490,F,F,F,F,F,F,F,F,F,F,F,F,F,F,F,F,F,F,F,F,F,F,F,F,F,F,F,F,F,F,F,-0.02,F,F,F,F,F,F,F,F,F,F,F,F,F,F,F,F,F,F,F,F,F,F,F,F
ARL,Bo6g076730,F,F,F,F,F,F,F,F,F,F,F,F,F,F,F,F,F,F,F,F,F,F,F,F,F,F,F,F,F,F,F,0.44,F,F,F,F,F,F,F,F,F,F,F,F,F,F,F,F,F,F,F,F,F,F,F,F
YAB1,Bo6g073320,F,F,F,F,F,F,F,F,F,-2.8,F,F,F,F,F,F,F,F,F,F,F,F,F,F,F,F,F,F,F,F,F,1.5,F,F,F,F,F,F,F,F,F,F,F,F,F,F,F,F,F,F,F,F,F,F,F,F
SPL15,Bo6g073290,F,F,F,F,F,F,F,F,F,-2.77,F,F,F,F,F,F,F,F,F,F,F,F,F,F,F,F,F,F,F,F,F,1.53,F,F,F,F,F,F,F,F,F,F,F,F,F,F,F,F,F,F,F,F,F,F,F,F
REM1,Bo6g068110,F,F,F,F,F,F,F,F,F,-0.7,F,F,F,F,F,F,F,F,F,F,F,F,F,F,F,F,F,F,F,F,F,3.6,F,F,F,F,F,F,F,F,F,F,F,F,F,F,F,F,F,F,F,F,F,F,F,F
GCT,Bo6g051250,F,F,F,F,F,F,F,F,F,4.48,F,F,F,F,F,F,F,F,F,F,F,F,F,F,F,-10.39,F,F,F,F,F,F,F,F,F,F,F,F,F,F,F,F,F,F,F,F,F,F,F,F,F,F,F,F,F,F
CLV1*,Bo6g044140,F,F,F,F,F,F,F,F,F,6.91,F,F,F,F,F,F,F,F,F,F,F,F,F,F,F,-7.96,F,F,F,F,F,F,F,F,F,F,F,F,F,F,F,F,F,F,F,F,F,F,F,F,F,F,F,F,F,F
LAS/SCL18,Bo6g034670,F,F,F,F,F,F,F,F,F,9.96,F,F,F,F,F,F,F,F,F,F,F,F,F,F,F,-4.91,F,F,F,F,F,F,F,F,F,F,F,F,F,F,F,F,F,F,F,F,F,F,F,F,F,F,F,F,F,F
AT1G51160,Bo6g024820,F,F,F,F,F,F,F,F,F,13.32,F,F,F,F,F,F,F,F,F,F,F,F,F,F,F,-1.55,F,F,F,F,F,F,F,F,F,F,F,F,F,F,F,F,F,F,F,F,F,F,F,F,F,F,F,F,F,F
AtTOR,Bo6g019850,F,F,F,F,F,F,F,F,F,14.4,F,F,F,F,F,F,F,F,F,F,F,F,F,F,F,-0.47,F,F,F,F,F,F,F,F,F,F,F,F,F,F,F,F,F,F,F,F,F,F,F,F,F,F,F,F,F,F
AT-ACC1,Bo6g010860,F,F,F,F,F,F,F,F,F,16.3,F,F,F,F,F,F,F,F,F,F,F,F,F,F,F,1.43,F,F,F,F,F,F,F,F,F,F,F,F,F,F,F,F,F,F,F,F,F,F,F,F,F,F,F,F,F,F
HY2,Bo5g139470,F,F,F,-3.87,F,-3.44,F,F,F,F,F,F,F,F,F,F,F,F,F,F,F,F,F,F,-0.38,F,F,F,F,F,F,F,F,F,F,F,F,F,F,F,F,F,F,F,F,F,F,F,F,F,F,F,F,F,F,F
PLL1, Bo5g139290,F,F,F,-3.79,F,-3.36,F,F,F,F,F,F,F,F,F,F,F,F,F,F,F,F,F,F,-0.3,F,F,F,F,F,F,F,F,F,F,F,F,F,F,F,F,F,F,F,F,F,F,F,F,F,F,F,F,F,F,F
REM1,Bo5g136900,F,F,F,-3.04,F,-2.61,F,F,F,F,F,F,F,F,F,F,F,F,F,F,F,F,F,F,0.45,F,F,F,F,F,F,F,F,F,F,F,F,F,F,F,F,F,F,F,F,F,F,F,F,F,F,F,F,F,F,F
REM1,Bo5g136880,F,F,F,-3.03,F,-2.6,F,F,F,F,F,F,F,F,F,F,F,F,F,F,F,F,F,F,0.46,F,F,F,F,F,F,F,F,F,F,F,F,F,F,F,F,F,F,F,F,F,F,F,F,F,F,F,F,F,F,F
PHYB,Bo5g123510,F,F,F,1.56,F,1.99,F,F,F,F,F,F,F,F,F,F,F,F,F,F,F,F,F,F,F,F,F,F,F,F,F,F,F,F,F,F,F,F,F,F,F,F,F,F,F,F,F,F,F,F,F,F,F,-33.9,F,F
BRC1,Bo5g117410,F,F,F,3.39,F,3.82,F,F,F,F,F,F,F,F,F,F,F,F,F,F,F,F,F,F,F,F,F,F,F,F,F,F,F,F,F,F,F,F,F,F,F,F,F,F,F,F,F,F,F,F,F,F,F,-32.07,F,F
MGO3,Bo5g117140,F,F,F,3.55,F,3.98,F,F,F,F,F,F,F,F,F,F,F,F,F,F,F,F,F,F,F,F,F,F,F,F,F,F,F,F,F,F,F,F,F,F,F,F,F,F,F,F,F,F,F,F,F,F,F,-31.91,F,F
VRN1,Bo5g116790,F,F,F,3.73,F,4.16,F,F,F,F,F,F,F,F,F,F,F,F,F,F,F,F,F,F,F,F,F,F,F,F,F,F,F,F,F,F,F,F,F,F,F,F,F,F,F,F,F,F,F,F,F,F,F,-31.73,F,F
BRX,Bo5g091840,F,F,F,9.6,F,10.03,F,F,F,F,F,F,F,F,F,F,F,F,F,F,F,F,F,F,F,F,F,F,F,F,F,F,F,F,F,F,F,F,F,F,F,F,F,F,F,F,F,F,F,F,F,F,F,-25.86,F,F
AtTOR,Bo5g077590,F,F,F,14.06,F,14.49,F,F,F,F,F,F,F,F,F,F,F,F,F,F,F,F,F,F,F,F,F,F,F,F,F,F,F,F,F,F,F,F,F,F,F,F,F,F,F,F,F,F,F,F,F,F,F,-21.4,F,F
SEP3,Bo5g051910,F,F,F,22.35,F,22.78,F,F,F,F,F,F,F,F,F,F,F,F,F,F,F,F,F,F,F,F,F,F,F,F,F,F,F,F,F,F,F,F,F,F,F,F,F,F,F,F,F,F,F,F,F,F,F,-13.11,F,F
KAN2,Bo5g048880,F,F,F,23.32,F,23.75,F,F,F,F,F,F,F,F,F,F,F,F,F,F,F,F,F,F,F,F,F,F,F,F,F,F,F,F,F,F,F,F,F,F,F,F,F,F,F,F,F,F,F,F,F,F,F,-12.14,F,F
BRX,Bo5g048350,F,F,F,24,F,24.43,F,F,F,F,F,F,F,F,F,F,F,F,F,F,F,F,F,F,F,F,F,F,F,F,F,F,F,F,F,F,F,F,F,F,F,F,F,F,F,F,F,F,F,F,F,F,F,-11.46,F,F
CDF5,Bo5g045140,F,F,F,24.29,F,24.72,F,F,F,F,F,F,F,F,F,F,F,F,F,F,F,F,F,F,F,F,F,F,F,F,F,F,F,F,F,F,F,F,F,F,F,F,F,F,F,F,F,F,F,F,F,F,F,-11.17,F,F
CDF5,Bo5g045130,F,F,F,24.31,F,24.74,F,F,F,F,F,F,F,F,F,F,F,F,F,F,F,F,F,F,F,F,F,F,F,F,F,F,F,F,F,F,F,F,F,F,F,F,F,F,F,F,F,F,F,F,F,F,F,-11.15,F,F
REM1,Bo5g044970,F,F,F,24.42,F,24.85,F,F,F,F,F,F,F,F,F,F,F,F,F,F,F,F,F,F,F,F,F,F,F,F,F,F,F,F,F,F,F,F,F,F,F,F,F,F,F,F,F,F,F,F,F,F,F,-11.04,F,F
REM1,Bo5g044980,F,F,F,24.42,F,24.85,F,F,F,F,F,F,F,F,F,F,F,F,F,F,F,F,F,F,F,F,F,F,F,F,F,F,F,F,F,F,F,F,F,F,F,F,F,F,F,F,F,F,F,F,F,F,F,-11.04,F,F
REM1,Bo5g044960,F,F,F,24.44,F,24.87,F,F,F,F,F,F,F,F,F,F,F,F,F,F,F,F,F,F,F,F,F,F,F,F,F,F,F,F,F,F,F,F,F,F,F,F,F,F,F,F,F,F,F,F,F,F,F,-11.02,F,F
RGLG2,Bo5g043780,F,F,F,24.55,F,24.98,F,F,F,F,F,F,F,F,F,F,F,F,F,F,F,F,F,F,F,F,F,F,F,F,F,F,F,F,F,F,F,F,F,F,F,F,F,F,F,F,F,F,F,F,F,F,F,-10.91,F,F
TEM1,Bo5g043120,F,F,F,25.21,F,25.64,F,F,F,F,F,F,F,F,F,F,F,F,F,F,F,F,F,F,F,F,F,F,F,F,F,F,F,F,F,F,F,F,F,F,F,F,F,F,F,F,F,F,F,F,F,F,F,-10.25,F,F
GI,Bo5g038860,F,F,F,27.1,F,27.53,F,F,F,F,F,F,F,F,F,F,F,F,F,F,F,F,F,F,F,F,F,F,F,F,F,F,F,F,F,F,F,F,F,F,F,F,F,F,F,F,F,F,F,F,F,F,F,-8.36,F,F
WOX14,Bo5g030590,F,F,F,29.04,F,29.47,F,F,F,F,F,F,F,F,F,F,F,F,F,F,F,F,F,F,F,F,F,F,F,F,F,F,F,F,F,F,F,F,F,F,F,F,F,F,F,F,F,F,F,F,F,F,F,-6.42,F,F
MONOPTEROS/ARF5,Bo5g027930,F,F,F,29.54,F,29.97,F,F,F,F,F,F,F,F,F,F,F,F,F,F,F,F,F,F,F,F,F,F,F,F,F,F,F,F,F,F,F,F,F,F,F,F,F,F,F,F,F,F,F,F,F,F,F,-5.92,F,F
TOPLESS/TPL,Bo5g021180,F,F,F,32.03,F,32.46,F,F,F,F,F,F,F,F,F,F,F,F,F,F,F,F,F,F,F,F,F,F,F,F,F,F,F,F,F,F,F,F,F,F,F,F,F,F,F,F,F,F,F,F,F,F,F,-3.43,F,F
TOE1,Bo4g070350,F,0.18,F,F,-12.41,F,F,F,F,F,F,F,F,F,F,F,F,F,F,F,F,F,F,F,F,F,F,F,F,F,F,F,F,F,F,F,F,F,F,F,F,F,19.39,F,F,F,18.44,F,F,F,F,F,F,F,F,F
TSF,Bo4g061100,F,1.42,F,F,-11.17,F,F,F,F,F,F,F,F,F,F,F,F,F,F,F,F,F,F,F,F,F,F,F,F,F,F,F,F,F,F,F,F,F,F,F,F,F,20.63,F,F,F,19.68,F,F,F,F,F,F,F,F,F
ATSK17,Bo4g053770,F,2.67,F,F,-9.92,F,F,F,F,F,F,F,F,F,F,F,F,F,F,F,F,F,F,F,F,F,F,F,F,F,F,F,F,F,F,F,F,F,F,F,F,F,21.88,F,F,F,20.93,F,F,F,F,F,F,F,F,F
ATSK11,Bo4g053770,F,2.67,F,F,-9.92,F,F,F,F,F,F,F,F,F,F,F,F,F,F,F,F,F,F,F,F,F,F,F,F,F,F,F,F,F,F,F,F,F,F,F,F,F,21.88,F,F,F,20.93,F,F,F,F,F,F,F,F,F
COP1,Bo4g045420,F,F,F,F,-7.96,F,F,F,F,F,F,F,F,F,F,F,F,F,F,F,F,F,F,F,F,F,F,F,F,F,F,F,F,F,F,F,F,F,F,F,F,F,F,F,F,F,F,F,F,F,F,F,F,F,F,F
BODENLOS/IAA12,Bo4g043890,F,F,F,F,-7.42,F,F,F,F,F,F,F,F,F,F,F,F,F,F,F,F,F,F,F,F,F,F,F,F,F,F,F,F,F,F,F,F,F,F,F,F,F,F,F,F,F,F,F,F,F,F,F,F,F,F,F
SPL3,Bo4g042390,F,F,F,F,-7.04,F,F,F,F,F,F,F,F,F,F,F,F,F,F,F,F,F,F,F,F,F,F,F,F,F,F,F,F,F,F,F,F,F,F,F,F,F,F,F,F,F,F,F,F,F,F,F,F,F,F,F
WOX9,Bo4g041330,F,F,F,F,-6.96,F,F,F,F,F,F,F,F,F,F,F,F,F,F,F,F,F,F,F,F,F,F,F,F,F,F,F,F,F,F,F,F,F,F,F,F,F,F,F,F,F,F,F,F,F,F,F,F,F,F,F
EMB1611,Bo4g039300,F,F,F,F,-6.26,F,F,F,F,F,F,F,F,F,F,F,F,F,F,F,F,F,F,F,F,F,F,F,F,F,F,F,F,F,F,F,F,F,F,F,F,F,F,F,F,F,F,F,F,F,F,F,F,F,F,F
PLL1,Bo4g038710,F,F,F,F,-5.86,F,F,F,F,F,F,F,F,F,F,F,F,F,F,F,F,F,F,F,F,F,F,F,F,F,F,F,F,F,F,F,F,F,F,F,F,F,F,F,F,F,F,F,F,F,F,F,F,F,F,F
VRN2,Bo4g036240,F,F,F,F,-5.54,F,F,F,F,F,F,F,F,F,F,F,F,F,F,F,F,F,F,F,F,F,F,F,F,F,F,F,F,F,F,F,F,F,F,F,F,F,F,F,F,F,F,F,F,F,F,F,F,F,F,F
BoLL1?,Bo4g034490,F,F,F,F,-4.89,F,F,F,F,F,F,F,F,F,F,F,F,F,F,F,F,F,F,F,F,F,F,F,F,F,F,F,F,F,F,F,F,F,F,F,F,F,F,F,F,F,F,F,F,F,F,F,F,F,F,F
LMI1,Bo4g034490,F,F,F,F,-4.89,F,F,F,F,F,F,F,F,F,F,F,F,F,F,F,F,F,F,F,F,F,F,F,F,F,F,F,F,F,F,F,F,F,F,F,F,F,F,F,F,F,F,F,F,F,F,F,F,F,F,F
ELF4,Bo4g025620,F,F,F,F,-2.04,F,F,F,F,F,F,F,F,F,F,F,F,F,F,F,F,F,F,F,F,F,F,F,F,F,F,F,F,F,F,F,F,F,F,F,F,F,F,F,F,F,F,F,F,F,F,F,F,F,F,F
ELF4,Bo4g025580,F,F,F,F,-2.02,F,F,F,F,F,F,F,F,F,F,F,F,F,F,F,F,F,F,F,F,F,F,F,F,F,F,F,F,F,F,F,F,F,F,F,F,F,F,F,F,F,F,F,F,F,F,F,F,F,F,F
SOC1,Bo4g024850,F,F,F,F,-1.59,F,F,F,F,F,F,F,F,F,F,F,F,F,F,F,F,F,F,F,F,F,F,F,F,F,F,F,F,F,F,F,F,F,F,F,F,F,F,F,F,F,F,F,F,F,F,F,F,F,F,F
ARL,Bo4g021250,F,F,F,F,-0.46,F,F,F,F,F,F,F,F,F,F,F,F,F,F,F,F,F,F,F,F,F,F,F,F,F,F,F,F,F,F,F,F,F,F,F,F,F,F,F,F,F,F,F,F,F,F,F,F,F,F,F
FPA,Bo4g019780,F,F,F,F,-0.19,F,F,F,F,F,F,F,F,F,F,F,F,F,F,F,F,F,F,F,F,F,F,F,F,F,F,F,F,F,F,F,F,F,F,F,F,F,F,F,F,F,F,F,F,F,F,F,F,F,F,F
SPL9,Bo4g015800,F,F,F,F,0.32,F,F,F,F,F,F,F,F,F,F,F,F,F,F,F,F,F,F,F,F,F,F,F,F,F,F,F,F,F,F,F,F,F,F,F,F,F,F,F,F,F,F,F,F,F,F,F,F,F,F,F
PLL1,Bo4g006870,F,F,F,F,1.78,F,F,F,F,F,F,F,F,F,F,F,F,F,F,F,F,F,F,F,F,F,F,F,F,F,F,F,F,F,F,F,F,F,F,F,F,F,F,F,F,F,F,F,F,F,F,F,F,F,F,F
PDS,Bo3g149200,-47.2,F,F,F,F,F,F,F,F,F,F,F,F,0.43,F,F,F,F,F,F,F,F,F,F,F,F,F,F,F,F,F,F,F,F,F,F,F,F,F,F,F,F,F,F,F,3.94,F,F,F,F,F,F,F,F,F,F
PDS,Bo3g149210,-47.2,F,F,F,F,F,F,F,F,F,F,F,F,0.43,F,F,F,F,F,F,F,F,F,F,F,F,F,F,F,F,F,F,F,F,F,F,F,F,F,F,F,F,F,F,F,3.94,F,F,F,F,F,F,F,F,F,F
SEP3,Bo3g141410,-45.09,F,F,F,F,F,F,F,F,F,F,F,F,2.54,F,F,F,F,F,F,F,F,F,F,F,F,F,F,F,F,F,F,F,F,F,F,F,F,F,F,F,F,F,F,F,6.05,F,F,F,F,F,F,F,F,F,F
TEM1,Bo3g138550,-44.45,F,F,F,F,F,F,F,F,F,F,F,F,3.18,F,F,F,F,F,F,F,F,F,-13.52,F,F,F,F,F,F,F,F,F,F,F,F,F,F,F,F,F,F,F,F,F,6.69,F,F,F,F,F,F,F,F,F,F
CYP71,Bo3g122020,-37.32,F,F,F,F,F,F,F,F,F,F,F,F,F,F,F,F,F,F,F,F,F,F,-6.39,F,F,F,F,F,F,F,F,F,F,F,F,F,F,F,F,F,F,F,F,F,13.82,F,F,F,F,F,F,F,F,F,F
LFY,Bo3g109270,-32.94,F,F,F,F,F,F,F,F,F,F,F,F,F,F,F,F,F,F,F,F,F,F,-2.01,F,F,F,F,F,F,F,F,F,F,F,F,F,F,F,F,F,F,F,F,F,18.2,F,F,F,F,F,F,F,F,F,F
FAS2,Bo3g101080,-30.31,F,F,F,F,F,F,F,F,F,F,F,F,F,F,F,F,F,F,F,F,F,F,0.62,F,F,F,F,F,F,F,F,F,F,F,F,F,F,F,F,F,F,F,F,F,20.83,F,F,F,F,F,F,F,F,F,F
GRF6,Bo3g099210,-29.55,F,F,F,F,F,F,F,F,F,F,F,F,F,F,F,F,F,F,F,F,F,F,1.38,F,F,F,F,F,F,F,F,F,F,F,F,F,F,F,F,F,F,F,F,F,21.59,F,F,F,F,F,F,F,F,F,F
VIN3,Bo3g095330,-28.89,F,F,F,F,F,F,F,F,F,F,F,F,F,F,F,F,F,F,F,F,F,F,2.04,F,F,F,F,F,F,F,F,F,F,F,F,F,F,F,F,F,F,F,F,F,22.25,F,F,F,F,F,F,F,F,F,F
WUS,Bo3g093850,-28.75,F,F,F,F,F,F,F,F,F,F,F,F,F,F,F,F,F,F,F,F,F,F,2.18,F,F,F,F,F,F,F,F,F,F,F,F,F,F,F,F,F,F,F,F,F,22.39,F,F,F,F,F,F,F,F,F,F
ABI3,Bo3g083650,-25.22,F,F,F,F,F,F,F,F,F,F,F,F,F,F,F,F,F,F,F,F,F,F,F,F,F,F,F,F,F,F,F,F,F,F,F,F,F,F,F,F,F,F,F,F,25.92,F,F,F,F,F,F,F,F,F,F
BRC1,Bo3g071560,-21.87,F,F,F,F,F,F,F,F,F,F,F,F,F,F,F,F,F,F,F,F,F,F,F,F,F,F,F,F,F,F,F,F,F,F,F,F,F,F,F,F,F,F,F,F,29.27,F,F,F,F,F,F,F,F,F,F
PHYB,Bo3g068620,-21.2,F,F,F,F,F,F,F,F,F,F,F,F,F,F,F,F,F,F,F,F,F,F,F,F,F,F,F,F,F,F,F,F,F,F,F,F,F,F,F,F,F,F,F,F,29.94,F,F,F,F,F,F,F,F,F,F
REM1,Bo3g063950,-18.47,F,F,F,F,F,F,F,F,F,F,F,F,F,F,F,F,F,F,F,F,F,F,F,F,F,F,F,F,F,F,F,F,F,F,F,F,F,F,F,F,F,F,F,F,32.67,F,F,F,F,F,F,F,F,F,F
REM1,Bo3g063920,-18.39,F,F,F,F,F,F,F,F,F,F,F,F,F,F,F,F,F,F,F,F,F,F,F,F,F,F,F,F,F,F,F,F,F,F,F,F,F,F,F,F,F,F,F,F,32.75,F,F,F,F,F,F,F,F,F,F
FLD,Bo3g062600,-18.23,F,F,F,F,F,F,F,F,F,F,F,F,F,F,F,F,F,F,F,F,F,F,F,F,F,F,F,F,F,F,F,F,F,F,F,F,F,F,F,F,F,F,F,F,32.91,F,F,F,F,F,F,F,F,F,F
HY2,Bo3g062170,-18,F,F,F,F,F,F,F,F,F,F,F,F,F,F,F,F,F,F,F,F,F,F,F,F,F,F,F,F,F,F,F,F,F,F,F,F,F,F,F,F,F,F,F,F,33.14,F,F,F,F,F,F,F,F,F,F
PLL1,Bo3g061990,-17.9,F,F,F,F,F,F,F,F,F,F,F,F,F,F,F,F,F,F,F,F,F,F,F,F,F,F,F,F,F,F,F,F,F,F,F,F,F,F,F,F,F,F,F,F,33.24,F,F,F,F,F,F,F,F,F,F
ATSK12,Bo3g060200,-16.96,F,F,F,F,F,F,F,F,F,F,F,F,F,F,F,F,F,F,F,F,F,F,F,F,F,F,F,F,F,F,F,F,F,F,F,F,F,F,F,F,F,F,F,F,34.18,F,F,F,F,F,F,F,F,F,F
ATSK11,Bo3g060200,-16.96,F,F,F,F,F,F,F,F,F,F,F,F,F,F,F,F,F,F,F,F,F,F,F,F,F,F,F,F,F,F,F,F,F,F,F,F,F,F,F,F,F,F,F,F,34.18,F,F,F,F,F,F,F,F,F,F
RPT2a,Bo3g058980,-16.82,F,F,F,F,F,F,F,F,F,F,F,F,F,F,F,F,F,F,F,F,F,F,F,F,F,F,F,F,F,F,F,F,F,F,F,F,F,F,F,F,F,F,F,F,34.32,F,F,F,F,F,F,F,F,F,F
FLK,Bo3g058470,-16.6,F,F,F,F,F,F,F,F,F,F,F,F,F,F,F,F,F,F,F,F,F,F,F,F,F,F,F,F,F,F,F,F,F,F,F,F,F,F,F,F,F,F,F,F,34.54,F,F,F,F,F,F,F,F,F,F
COL2,Bo3g055600,-16.14,F,F,F,F,F,F,F,F,F,F,F,F,F,F,F,F,F,F,F,F,F,F,F,F,F,F,F,F,F,F,F,F,F,F,F,F,F,F,F,F,F,F,F,F,35,F,F,F,F,F,F,F,F,F,F
RGLG2,Bo3g055020,-15.85,F,F,F,F,F,F,F,F,F,F,F,F,F,F,F,F,F,F,F,F,F,F,F,F,F,F,F,F,F,F,F,F,F,F,F,F,F,F,F,F,F,F,F,F,35.29,F,F,F,F,F,F,F,F,F,F
MED12,Bo3g054750,-15.69,F,F,F,F,F,F,F,F,F,F,F,F,F,F,F,F,F,F,F,F,F,F,F,F,F,F,F,F,F,F,F,F,F,F,F,F,F,F,F,F,F,F,F,F,35.45,F,F,F,F,F,F,F,F,F,F
ATSK13,Bo3g054640,-15.62,F,F,F,F,F,F,F,F,F,F,F,F,F,F,F,F,F,F,F,F,F,F,F,F,F,F,F,F,F,F,F,F,F,F,F,F,F,F,F,F,F,F,F,F,35.52,F,F,F,F,F,F,F,F,F,F
ATSK11,Bo3g054640,-15.62,F,F,F,F,F,F,F,F,F,F,F,F,F,F,F,F,F,F,F,F,F,F,F,F,F,F,F,F,F,F,F,F,F,F,F,F,F,F,F,F,F,F,F,F,35.52,F,F,F,F,F,F,F,F,F,F
REM1,Bo3g042160,-11.36,F,F,F,F,F,F,F,F,F,F,F,F,F,F,F,F,F,F,F,F,F,F,F,F,F,F,F,F,F,F,F,F,F,F,F,F,F,F,F,F,F,F,F,F,39.78,F,F,F,F,F,F,F,F,F,F
REM1,Bo3g041930,-11.16,F,F,F,F,F,F,F,F,F,F,F,F,F,F,F,F,F,F,F,F,F,F,F,F,F,F,F,F,F,F,F,F,F,F,F,F,F,F,F,F,F,F,F,F,39.98,F,F,F,F,F,F,F,F,F,F
SLP,Bo3g040370,-10.7,F,F,F,F,F,F,F,F,F,F,F,F,F,F,F,F,F,F,F,F,F,F,F,F,F,F,F,F,F,F,F,F,F,F,F,F,F,F,F,F,F,F,F,F,40.44,F,F,F,F,F,F,F,F,F,F
SLP,Bo3g040350,-10.69,F,F,F,F,F,F,F,F,F,F,F,F,F,F,F,F,F,F,F,F,F,F,F,F,F,F,F,F,F,F,F,F,F,F,F,F,F,F,F,F,F,F,F,F,40.45,F,F,F,F,F,F,F,F,F,F
TOE1,Bo3g040110,-10.42,F,F,F,F,F,F,F,F,F,F,F,F,F,F,F,F,F,F,F,F,F,F,F,F,F,F,F,F,F,F,F,F,F,F,F,F,F,F,F,F,F,F,F,F,40.72,F,F,F,F,F,F,F,F,F,F
FCA gamma-like protein (AT2G47310 ) ,Bo3g039630,-10.07,F,F,F,F,F,F,F,F,F,F,F,F,F,F,F,F,F,F,F,F,F,F,F,F,F,F,F,F,F,F,F,F,F,F,F,F,F,F,F,F,F,F,F,F,41.07,F,F,F,F,F,F,F,F,F,F
REM1,Bo3g039030,-9.63,F,F,F,F,F,F,F,F,F,F,F,F,F,F,F,F,F,F,F,F,F,F,F,F,F,F,F,F,F,F,F,F,F,F,F,F,F,F,F,F,F,F,F,F,41.51,F,F,F,F,F,F,F,F,F,F
SOC1,Bo3g038880,-9.55,F,F,F,F,F,F,F,F,F,F,F,F,F,F,F,F,F,F,F,F,F,F,F,F,F,F,F,F,F,F,F,F,F,F,F,F,F,F,F,F,F,F,F,F,41.59,F,F,F,F,F,F,F,F,F,F
YAB1,Bo3g037630,-9.31,F,F,F,F,F,F,F,F,F,F,F,F,F,F,F,F,F,F,F,F,F,F,F,F,F,F,F,F,F,F,F,F,F,F,F,F,F,F,F,F,F,F,F,F,41.83,F,F,F,F,F,F,F,F,F,F
ARL,Bo3g037110,-9,F,F,F,F,F,F,F,F,F,F,F,F,F,F,F,F,F,F,F,F,F,F,F,F,F,F,F,F,F,F,F,F,F,F,F,F,F,F,F,F,F,F,F,F,42.14,F,F,F,F,F,F,F,F,F,F
PIF4,Bo3g036300,-8.46,F,F,F,F,F,F,F,F,F,F,F,F,F,F,F,F,F,F,F,F,F,F,F,F,F,F,F,F,F,F,F,F,F,F,F,F,F,F,F,F,F,F,F,F,42.68,F,F,F,F,F,F,F,F,F,F
REM1,Bo3g034820,-7.49,F,F,F,F,F,F,F,F,F,F,F,F,F,F,F,F,F,F,F,F,F,F,F,F,F,F,F,F,F,F,F,F,F,F,F,F,F,F,F,F,F,F,F,F,43.65,F,F,F,-6.97,F,F,F,F,F,F
ELF4,Bo3g034670,-7.38,F,F,F,F,F,F,F,F,F,F,F,F,F,F,F,F,F,F,F,F,F,F,F,F,F,F,F,F,F,F,F,F,F,F,F,F,F,F,F,F,F,F,F,F,43.76,F,F,F,-6.86,F,F,F,F,F,F
REM1,Bo3g034270,-7.12,F,F,F,F,F,F,F,F,F,F,F,F,F,F,F,F,F,F,F,F,F,F,F,F,F,F,F,F,F,F,F,F,F,F,F,F,F,F,F,F,F,F,F,F,44.02,F,F,F,-6.6,F,F,F,F,F,F
SYD,Bo3g034090,-6.93,F,F,F,F,F,F,F,F,F,F,F,F,F,F,F,F,F,F,F,F,F,F,F,F,F,F,F,F,F,F,F,F,F,F,F,F,F,F,F,F,F,F,F,F,44.21,F,F,F,-6.41,F,F,F,F,F,F
EMB1611,Bo3g028020,-4.79,F,F,F,F,F,F,F,F,F,F,F,F,F,F,F,F,F,F,F,F,F,F,F,F,F,F,F,F,F,F,F,F,F,F,F,F,F,F,F,F,F,F,F,F,46.35,F,F,F,-4.27,F,-4.27,F,F,F,F
WOX9,Bo3g027500,-4.45,F,F,F,F,F,F,F,F,F,F,F,F,F,F,F,F,F,F,F,F,F,F,F,F,F,F,F,F,F,F,F,F,F,F,F,F,F,F,F,F,F,F,F,F,46.69,F,F,F,-3.93,F,-3.93,F,F,F,F
SPL3,Bo3g027460,-4.41,F,F,F,F,F,F,F,F,F,F,F,F,F,F,F,F,F,F,F,F,F,F,F,F,F,F,F,F,F,F,F,F,F,F,F,F,F,F,F,F,F,F,F,F,46.73,F,F,F,-3.89,F,-3.89,F,F,F,F
BODENLOS/IAA12,Bo3g027240,-4.29,F,F,F,F,F,F,F,F,F,F,F,F,F,F,F,F,F,F,F,F,F,F,F,F,F,F,F,F,F,F,F,F,F,F,F,F,F,F,F,F,F,F,F,F,46.85,F,F,F,-3.77,F,-3.77,F,F,F,F
REM1,Bo3g025330,-3.75,F,F,F,F,F,F,F,F,F,F,F,F,F,F,F,F,F,F,F,F,F,F,F,F,F,F,F,F,F,F,F,F,F,F,F,F,F,F,F,F,F,F,F,F,47.39,F,F,F,-3.23,F,-3.23,F,F,F,F
FLC (5?),Bo3g024250,-3.15,F,F,F,F,F,F,F,F,F,F,F,F,F,F,F,F,F,F,F,F,F,F,F,F,F,F,F,F,F,F,F,F,F,F,F,F,F,F,F,F,F,F,F,F,47.99,F,F,F,-2.63,F,-2.63,F,F,F,F
PIN2,Bo3g019460,-0.81,F,F,F,F,F,F,F,F,F,F,F,F,F,F,F,F,F,F,F,F,F,F,F,F,F,F,F,F,F,F,F,F,F,F,F,F,F,F,F,F,F,F,F,F,50.33,F,F,F,-0.29,F,-0.29,F,F,F,F
PIN2,Bo3g019450,-0.8,F,F,F,F,F,F,F,F,F,F,F,F,F,F,F,F,F,F,F,F,F,F,F,F,F,F,F,F,F,F,F,F,F,F,F,F,F,F,F,F,F,F,F,F,50.34,F,F,F,-0.28,F,-0.28,F,F,F,F
VIN3,Bo3g019340,-0.74,F,F,F,F,F,F,F,F,F,F,F,F,F,F,F,F,F,F,F,F,F,F,F,F,F,F,F,F,F,F,F,F,F,F,F,F,F,F,F,F,F,F,F,F,50.4,F,F,F,-0.22,F,-0.22,F,F,F,F
RPT2a,Bo3g018820,-0.49,F,F,F,F,F,F,F,F,F,F,F,F,F,F,F,F,F,F,F,F,F,F,F,F,F,F,F,F,F,F,F,F,F,F,F,F,F,F,F,F,F,F,F,F,50.65,F,F,F,0.03,F,0.03,F,F,F,F
PI,Bo3g014100,0.87,F,F,F,F,F,F,F,F,F,F,F,F,F,F,F,F,F,F,F,F,F,F,F,F,F,F,F,F,F,F,F,F,F,F,F,F,F,F,F,F,F,F,F,F,52.01,F,F,F,1.39,F,1.39,F,F,F,F
RPT2a,Bo3g013930,0.93,F,F,F,F,F,F,F,F,F,F,F,F,F,F,F,F,F,F,F,F,F,F,F,F,F,F,F,F,F,F,F,F,F,F,F,F,F,F,F,F,F,F,F,F,52.07,F,F,F,1.45,F,1.45,F,F,F,F
TFL2,Bo3g012730,1.54,F,F,F,F,F,F,F,F,F,F,F,F,F,F,F,F,F,F,F,F,F,F,F,F,F,F,F,F,F,F,F,F,F,F,F,F,F,F,F,F,F,F,F,F,52.68,F,F,F,2.06,F,F,F,F,F,F
SEP1,Bo3g010720,2.07,F,F,F,F,F,F,F,F,F,F,F,F,F,F,F,F,F,F,F,F,F,F,F,F,F,F,F,F,F,F,F,F,F,F,F,F,F,F,F,F,F,F,F,F,53.21,F,F,F,F,F,F,F,F,F,F
PI,Bo3g010390,2.25,F,F,F,F,F,F,F,F,F,F,F,F,F,F,F,F,F,F,F,F,F,F,F,F,F,F,-1.96,F,F,F,F,F,F,F,F,F,F,F,F,F,F,F,F,F,53.39,F,F,F,F,F,F,F,F,F,F
ATSK13,Bo3g009880,2.44,F,F,F,F,F,F,F,F,F,F,F,F,F,F,F,F,F,F,F,F,F,F,F,F,F,F,-1.77,F,F,F,F,F,F,F,F,F,F,F,F,F,F,F,F,F,53.58,F,F,F,F,F,F,F,F,F,F
ATSK11,Bo3g009880,2.44,F,F,F,F,F,F,F,F,F,F,F,F,F,F,F,F,F,F,F,F,F,F,F,F,F,F,-1.77,F,F,F,F,F,F,F,F,F,F,F,F,F,F,F,F,F,53.58,F,F,F,F,F,F,F,F,F,F
RGLG2,Bo3g009780,2.49,F,F,F,F,F,F,F,F,F,F,F,F,F,F,F,F,F,F,F,F,F,F,F,F,F,F,-1.72,F,F,F,F,F,F,F,F,F,F,F,F,F,F,F,F,F,53.63,F,F,F,F,F,F,F,F,F,F
FY,Bo3g009200,2.77,F,F,F,F,F,F,F,F,F,F,F,F,F,F,F,F,F,F,F,F,F,F,F,F,F,F,-1.44,F,F,F,F,F,F,F,F,F,F,F,F,F,F,F,F,F,53.91,F,F,F,F,F,F,F,F,F,F
REM1,Bo3g007530,3.11,F,F,F,F,F,F,F,F,F,F,F,F,F,F,F,F,F,F,F,F,F,F,F,F,F,F,-1.1,F,F,F,F,F,F,F,F,F,F,F,F,F,F,F,F,F,54.25,F,F,F,F,F,F,F,F,F,F
EMF1,Bo3g007090,3.31,F,F,F,F,F,F,F,-1.83,F,F,F,-1.83,F,F,F,F,F,F,F,F,F,F,F,F,F,F,-0.9,F,F,F,F,F,F,F,F,F,F,F,F,F,F,F,F,F,54.45,F,F,F,F,F,F,F,F,F,F
FLC5?,Bo3g005470,3.73,F,F,F,F,F,F,F,-1.41,F,F,F,-1.41,F,F,F,F,F,F,F,F,F,F,F,F,F,F,-0.48,F,F,F,F,F,F,F,F,F,F,F,F,F,F,F,F,F,54.87,F,F,F,F,F,F,F,F,F,F
AGL3,Bo9g074400,F,F,-13.34,F,F,F,F,F,F,F,F,27.17,F,F,F,-7.2,F,F,F,F,F,F,F,F,F,F,F,F,F,F,F,F,F,F,F,F,F,F,F,F,F,14.8,F,-16.71,F,F,F,F,F,F,F,F,F,F,F,F
SEP4/(AGL3),Bo9g074400,F,F,-13.34,F,F,F,F,F,F,F,F,27.17,F,F,F,-7.2,F,F,F,F,F,F,F,F,F,F,F,F,F,F,F,F,F,F,F,F,F,F,F,F,F,14.8,F,-16.71,F,F,F,F,F,F,F,F,F,F,F,F
TET1,Bo9g065470,F,F,-10.61,F,F,F,F,F,F,F,F,F,F,F,F,-4.47,F,F,F,F,F,F,F,F,F,F,F,F,F,F,F,F,F,F,F,F,F,F,F,F,F,17.53,F,-13.98,F,F,F,F,F,F,F,F,F,F,F,F
MAH1,Bo9g053360,F,F,-6.94,F,F,F,F,F,F,F,F,F,F,F,F,-0.8,F,F,F,F,F,F,F,F,F,F,F,F,F,F,F,F,F,F,F,F,F,F,F,F,F,21.2,F,-10.31,F,F,F,F,F,F,F,F,F,F,F,F
MAH1,Bo9g053340,F,F,-6.92,F,F,F,F,F,F,F,F,F,F,F,F,-0.78,F,F,F,F,F,F,F,F,F,F,F,F,F,F,F,F,F,F,F,F,F,F,F,F,F,21.22,F,-10.29,F,F,F,F,F,F,F,F,F,F,F,F
MAH1,Bo9g053260,F,F,-6.85,F,F,F,F,F,F,F,F,F,F,F,F,-0.71,F,F,F,F,F,F,F,F,F,F,F,F,F,F,F,F,F,F,F,F,F,F,F,F,F,21.29,F,-10.22,F,F,F,F,F,F,F,F,F,F,F,F
MAH1,Bo9g053220,F,F,-6.8,F,F,F,F,F,F,F,F,F,F,F,F,-0.66,F,F,F,F,F,F,F,F,F,F,F,F,F,F,F,F,F,F,F,F,F,F,F,F,F,21.34,F,-10.17,F,F,F,F,F,F,F,F,F,F,F,F
MAH1,Bo9g053170,F,F,-6.78,F,F,F,F,F,F,F,F,F,F,F,F,-0.64,F,F,F,F,F,F,F,F,F,F,F,F,F,F,F,F,F,F,F,F,F,F,F,F,F,21.36,F,-10.15,F,F,F,F,F,F,F,F,F,F,F,F
BIGPETAL,Bo9g046610,F,F,-6.13,F,F,F,F,F,F,F,F,F,F,F,F,0.01,F,F,F,F,F,F,F,F,F,F,F,F,F,F,F,F,F,F,F,F,F,F,F,F,F,F,F,-9.5,F,F,F,F,F,F,F,F,F,F,F,F
STM,Bo9g037420,F,F,-4.05,F,F,F,F,F,F,F,F,F,F,F,F,2.09,F,F,F,F,F,F,F,F,F,F,F,F,F,F,F,F,F,F,F,F,F,F,F,F,F,F,F,-7.42,F,F,F,F,F,F,F,F,F,F,F,F
WUS,Bo9g026310,F,F,0.5,F,F,F,F,F,F,F,F,F,F,F,F,F,F,F,F,F,F,F,F,F,F,F,F,F,F,F,F,F,F,F,F,F,F,F,F,F,F,F,F,-2.87,F,F,F,F,F,F,F,F,F,F,F,F
ATBZIP27,Bo9g024710,F,F,0.98,F,F,F,F,F,F,F,F,F,F,F,F,F,F,F,F,F,F,F,F,F,F,F,F,F,F,F,F,F,F,F,F,F,F,F,F,F,F,F,F,-2.39,F,F,F,F,F,F,F,F,F,F,F,F
GRF6,Bo9g018730,F,F,3.12,F,F,F,F,F,F,F,F,F,F,F,F,F,F,F,F,F,F,F,F,F,F,F,F,F,F,F,F,F,F,F,F,F,F,F,F,F,F,F,F,-0.25,F,F,F,F,F,F,F,F,F,F,F,F
AG,Bo7g106400,F,F,F,F,F,F,2.13,F,F,F,F,F,F,F,-1.82,F,F,F,F,F,F,F,F,F,F,F,F,F,F,F,F,F,F,F,F,F,F,F,F,F,F,F,F,F,F,F,F,F,F,F,F,F,F,F,F,-0.09
ATSK16,Bo7g106220,F,F,F,F,F,F,2.23,F,F,F,F,F,F,F,-1.72,F,F,F,F,F,F,F,F,F,F,F,F,F,F,F,F,F,F,F,F,F,F,F,F,F,F,F,F,F,F,F,F,F,F,F,F,F,F,F,F,0.01
ATSK11,Bo7g106220,F,F,F,F,F,F,2.23,F,F,F,F,F,F,F,-1.72,F,F,F,F,F,F,F,F,F,F,F,F,F,F,F,F,F,F,F,F,F,F,F,F,F,F,F,F,F,F,F,F,F,F,F,F,F,F,F,F,0.01
TOC1,Bo7g098570,F,F,F,F,F,F,F,F,F,F,-1.59,F,F,F,0.89,F,F,F,F,F,F,F,F,F,F,F,F,F,F,F,F,F,F,F,F,F,F,F,F,F,F,F,F,F,F,F,F,F,F,F,F,F,F,F,F,2.62
FUL,Bo7g098190,F,F,F,F,F,F,F,F,F,F,-1.38,F,F,F,1.1,F,F,F,F,F,F,F,F,F,F,F,F,F,F,F,F,F,F,F,F,F,F,F,F,F,F,F,F,F,F,F,F,F,F,F,F,F,F,F,F,2.83
PRR9,Bo7g096790,F,F,F,F,F,F,F,F,F,F,-0.5,F,F,F,1.98,F,F,F,F,F,F,F,F,F,F,F,F,F,F,F,F,F,F,F,F,F,F,F,F,F,F,F,F,F,F,F,F,F,F,F,F,F,F,F,F,3.71
COL4,Bo7g096320,F,F,F,F,F,F,F,F,F,F,-0.18,F,F,F,F,F,F,F,F,F,F,F,F,F,F,F,F,F,F,F,F,F,F,F,F,F,F,F,F,F,F,F,F,F,F,F,F,F,F,F,F,F,F,F,F,4.03
AGL35,Bo7g095120,F,F,F,F,F,F,F,F,F,F,0.54,F,F,F,F,F,F,F,F,F,F,F,F,F,F,F,F,F,F,F,F,F,F,F,F,F,F,F,F,F,F,F,F,F,F,F,F,F,F,F,F,F,F,F,F,4.75
AGL35,Bo7g095090,F,F,F,F,F,F,F,F,F,F,0.55,F,F,F,F,F,F,F,F,F,F,F,F,F,F,F,F,F,F,F,F,F,F,F,F,F,F,F,F,F,F,F,F,F,F,F,F,F,F,F,F,F,F,F,F,4.76
ATSK12,Bo7g095030,F,F,F,F,F,F,F,F,F,F,0.58,F,F,F,F,F,F,F,F,F,F,F,F,F,F,F,F,F,F,F,F,F,F,F,F,F,F,F,F,F,F,F,F,F,F,F,F,F,F,F,F,F,F,F,F,4.79
ATSK11,Bo7g095030,F,F,F,F,F,F,F,F,F,F,0.58,F,F,F,F,F,F,F,F,F,F,F,F,F,F,F,F,F,F,F,F,F,F,F,F,F,F,F,F,F,F,F,F,F,F,F,F,F,F,F,F,F,F,F,F,4.79
GIF1,Bo7g093130,F,F,F,F,F,F,F,F,F,F,1.21,F,F,F,F,F,F,F,F,F,F,F,F,F,F,F,F,F,F,F,F,F,F,F,F,F,F,F,F,F,F,F,F,F,F,F,F,F,F,F,F,F,F,F,F,5.42
AGL79,Bo7g088660,F,F,F,F,F,F,F,F,F,F,F,F,F,F,F,F,F,F,F,F,F,F,F,F,F,F,F,F,F,F,F,F,F,F,F,F,F,F,F,F,F,F,F,F,F,F,F,F,F,F,F,F,F,F,F,7.06
AGL79,Bo7g088670,F,F,F,F,F,F,F,F,F,F,F,F,F,F,F,F,F,F,F,F,F,F,F,F,F,F,F,F,F,F,F,F,F,F,F,F,F,F,F,F,F,F,F,F,F,F,F,F,F,F,F,F,F,F,F,7.06
AGL3,Bo7g081460,F,F,F,F,F,F,F,F,F,F,F,F,F,F,F,F,F,F,F,F,F,F,F,F,F,F,F,F,F,F,F,F,F,F,F,F,F,F,F,F,F,F,F,F,F,F,F,F,F,F,F,F,F,F,F,9.64
SEP4/(AGL3),Bo7g081460,F,F,F,F,F,F,F,F,F,F,F,F,F,F,F,F,F,F,F,F,F,F,F,F,F,F,F,F,F,F,F,F,F,F,F,F,F,F,F,F,F,F,F,F,F,F,F,F,F,F,F,F,F,F,F,9.64
WRKY4,Bo7g081130,F,F,F,F,F,F,F,F,F,F,F,F,F,F,F,F,F,F,F,F,F,F,F,F,F,F,F,F,F,F,F,F,F,F,F,F,F,F,F,F,F,F,F,F,F,F,F,F,F,F,F,F,F,F,F,9.94
CDF5,Bo6g109100,F,F,F,F,F,F,F,F,F,F,F,F,F,F,F,F,F,F,F,F,F,F,F,F,F,F,F,F,F,F,F,F,F,F,F,F,F,F,F,F,F,F,F,F,F,F,F,F,F,F,F,F,F,F,-8.29,F
AP1,Bo6g108600,F,F,F,F,F,F,F,F,F,F,F,F,F,F,F,F,F,F,F,F,F,F,F,F,F,F,F,F,F,F,F,F,F,F,F,F,F,F,F,F,F,F,F,F,F,F,F,F,F,F,F,F,F,F,-7.95,F
PAN,Bo6g107140,F,F,F,F,F,F,F,F,F,F,F,F,F,F,F,F,F,F,F,F,F,F,F,F,F,F,F,F,F,F,F,F,F,F,F,F,F,F,F,F,F,F,F,F,F,F,F,F,F,F,F,F,F,F,-7.55,F
RGLG2,Bo6g106270,F,F,F,F,F,F,F,F,F,F,F,F,F,F,F,F,F,F,F,F,F,F,F,F,F,F,F,F,F,F,F,F,F,F,F,F,F,F,F,F,F,F,F,F,F,F,F,F,F,F,F,F,F,F,-6.93,F
FT,Bo6g099320,F,F,F,F,F,F,F,F,F,F,F,F,F,F,F,F,F,F,F,F,F,F,F,F,F,F,F,F,F,F,F,F,F,F,F,F,F,F,F,F,F,F,F,F,F,F,F,F,F,F,F,F,F,F,-5.62,F
AP1,Bo6g095760,F,F,F,F,F,F,F,F,F,F,F,F,F,F,F,F,F,F,F,F,F,F,F,F,F,F,F,F,F,F,F,F,F,F,F,F,F,F,F,F,F,F,F,F,F,F,F,F,F,F,F,F,F,F,-4.16,F
AP1,Bo6g095760,F,F,F,F,F,F,F,F,F,F,F,F,F,F,F,F,F,F,F,F,F,F,F,F,F,F,F,F,F,F,F,F,F,F,F,F,F,F,F,F,F,F,F,F,F,F,F,F,F,F,F,F,F,F,-4.16,F
CDF5,Bo6g095390,F,F,F,F,F,F,F,F,F,F,F,F,F,F,F,F,F,F,F,F,F,F,F,F,F,F,F,F,F,F,F,F,F,F,F,F,F,F,F,F,F,F,F,F,F,F,F,F,F,F,F,F,F,F,-3.87,F
PDS,Bo4g127210,F,F,F,F,F,F,F,F,F,F,F,F,F,F,F,F,F,F,F,F,F,F,F,F,F,F,F,F,18.43,F,F,F,F,F,F,F,F,F,F,F,F,F,1.13,F,F,F,0.18,F,F,F,F,F,F,F,F,F
AP3,Bo4g120010,F,F,F,F,F,F,F,F,F,F,F,F,F,F,F,F,F,F,F,F,F,F,F,F,F,F,F,F,20.47,F,F,F,F,F,F,F,F,F,F,F,F,F,3.17,F,F,F,2.22,F,F,F,F,F,F,F,F,F
SPL15,Bo4g109710,F,F,F,F,F,F,F,F,F,F,F,F,F,F,F,F,F,F,F,F,F,F,F,F,F,F,F,F,23.73,F,F,F,F,F,F,F,F,F,F,F,F,F,6.43,F,F,F,5.48,F,F,F,F,F,F,F,F,F
PIF4,Bo4g108070,F,F,F,F,F,F,F,F,F,F,F,F,F,F,F,F,F,F,F,F,F,F,F,F,F,F,F,F,24.26,F,F,F,F,F,F,F,F,F,F,F,F,F,6.96,F,F,F,6.01,F,F,F,F,F,F,F,F,F
LMI2,Bo4g101460,F,F,F,F,F,F,F,F,F,F,F,F,F,F,F,F,F,F,F,F,F,F,F,F,F,F,F,F,25.94,F,F,F,F,F,F,F,F,F,F,F,F,F,8.64,F,F,F,7.69,F,F,F,F,F,F,F,F,F
REM1,Bo3g173740,F,F,F,F,F,F,F,F,F,F,F,F,F,F,F,F,F,F,F,F,F,F,F,F,F,F,F,F,F,F,F,F,F,F,F,F,F,F,F,F,F,F,F,F,F,-3.95,F,F,F,F,F,F,F,F,F,F
AT4G32700.2,Bo3g172220,F,F,F,F,F,F,F,F,F,F,F,F,F,F,F,F,F,F,F,F,F,F,F,F,F,F,F,F,F,F,F,F,F,F,F,F,F,F,F,F,F,F,F,F,F,-3.52,F,F,F,F,F,F,F,F,F,F
CCD4,Bo3g158650,F,F,F,F,F,F,F,F,F,F,F,F,F,-3.12,F,F,-0.94,F,F,F,F,F,F,F,F,F,F,F,F,F,F,F,F,F,F,F,F,F,F,F,F,F,F,F,F,0.39,F,F,F,F,F,F,F,F,F,F
AG,Bo3g157480,F,F,F,F,F,F,F,F,F,F,F,F,F,-2.95,F,F,-0.77,F,F,F,F,F,F,F,F,F,F,F,F,F,F,F,F,F,F,F,F,F,F,F,F,F,F,F,F,0.56,F,F,F,F,F,F,F,F,F,F
ASK15,Bo3g157270,F,F,F,F,F,F,F,F,F,F,F,F,F,-2.78,F,F,-0.6,F,F,F,F,F,F,F,F,F,F,F,F,F,F,F,F,F,F,F,F,F,F,F,F,F,F,F,F,0.73,F,F,F,F,F,F,F,F,F,F
ATSK11,Bo3g157270,F,F,F,F,F,F,F,F,F,F,F,F,F,-2.78,F,F,-0.6,F,F,F,F,F,F,F,F,F,F,F,F,F,F,F,F,F,F,F,F,F,F,F,F,F,F,F,F,0.73,F,F,F,F,F,F,F,F,F,F
FD,Bo3g156810,F,F,F,F,F,F,F,F,F,F,F,F,F,-2.32,F,F,-0.14,F,F,F,F,F,F,F,F,F,F,F,F,F,F,F,F,F,F,F,F,F,F,F,F,F,F,F,F,1.19,F,F,F,F,F,F,F,F,F,F
TFL2,Bo9g159960,F,F,F,F,F,F,F,F,F,F,F,2.27,F,F,F,F,F,F,F,F,F,F,F,F,F,F,F,F,F,F,F,F,1.6,F,F,F,F,F,0.46,F,F,-10.1,F,F,1.6,F,F,F,F,F,F,F,F,F,F,F
RPT2a,Bo9g134960,F,F,F,F,F,F,F,F,F,F,F,8.16,F,F,F,F,F,F,F,F,F,F,F,F,F,F,F,F,F,F,F,F,F,F,F,F,F,F,F,F,F,-4.21,F,-35.72,F,F,F,F,F,F,F,F,F,F,F,F
PIN2,Bo9g130710,F,F,F,F,F,F,F,F,F,F,F,9.28,F,F,F,F,F,F,F,F,F,F,F,F,F,F,F,F,F,F,F,F,F,F,F,F,F,F,F,F,F,-3.09,F,-34.6,F,F,F,F,F,F,F,F,F,F,F,F
TRN1,Bo9g120690,F,F,F,F,F,F,F,F,F,F,F,11.13,F,F,F,F,F,F,F,F,F,F,F,F,F,F,F,F,F,F,F,F,F,F,F,F,F,F,F,F,F,-1.24,F,-32.75,F,F,F,F,F,F,F,F,F,F,F,F
MGO1,Bo9g120320,F,F,F,F,F,F,F,F,F,F,F,11.51,F,F,F,F,F,F,F,F,F,F,F,F,F,F,F,F,F,F,F,F,F,F,F,F,F,F,F,F,F,-0.86,F,-32.37,F,F,F,F,F,F,F,F,F,F,F,F
EYE,Bo9g101120,F,F,F,F,F,F,F,F,F,F,F,16.67,F,F,F,F,F,F,F,F,F,F,F,F,F,F,F,F,F,F,F,F,F,F,F,F,F,F,F,F,F,4.3,F,-27.21,F,F,F,F,F,F,F,F,F,F,F,F
FRI,Bo9g098970,F,F,F,F,F,F,F,F,F,F,F,16.82,F,F,F,F,F,F,F,F,F,F,F,F,F,F,F,F,F,F,F,F,F,F,F,F,F,F,F,F,F,4.45,F,-27.06,F,F,F,F,F,F,F,F,F,F,F,F
VRN1,Bo3g071890,F,F,F,F,F,F,F,F,F,F,F,21.55,F,F,F,-12.82,F,F,F,F,F,F,F,F,F,F,F,F,F,F,F,F,F,F,F,F,F,F,F,F,F,9.18,F,-22.33,F,F,F,F,F,F,F,F,F,F,F,F
TOC1,Bo9g014570,F,F,F,F,F,F,F,F,F,F,F,F,F,F,F,F,F,F,F,F,F,F,F,F,F,F,F,F,F,F,F,F,F,F,F,F,F,F,F,F,F,F,F,1.2,F,F,F,F,F,F,F,F,F,F,F,F
FUL,Bo9g014400,F,F,F,F,F,F,F,F,F,F,F,F,F,F,F,F,F,F,F,F,F,F,F,F,F,F,F,F,F,F,F,F,F,F,F,F,F,F,F,F,F,F,F,1.3,F,F,F,F,F,F,F,F,F,F,F,F
PRR9,Bo9g012630,F,F,F,F,F,F,F,F,F,F,F,F,F,F,F,F,F,F,F,F,F,F,F,F,F,F,F,F,F,F,F,F,F,F,F,F,F,F,F,F,F,F,F,1.78,F,F,F,F,F,F,F,F,F,F,F,F
FPF1,Bo9g011550,F,F,F,F,F,F,F,F,F,F,F,F,F,F,F,F,F,F,F,F,F,F,F,F,F,F,F,F,F,F,F,F,F,F,F,F,F,F,F,F,F,F,F,1.85,F,F,F,F,F,F,F,F,F,F,F,F
COL4,Bo9g011530,F,F,F,F,F,F,F,F,F,F,F,F,F,F,F,F,F,F,F,F,F,F,F,F,F,F,F,F,F,F,F,F,F,F,F,F,F,F,F,F,F,F,F,1.86,F,F,F,F,F,F,F,F,F,F,F,F
ATSK12,Bo9g010800,F,F,F,F,F,F,F,F,F,F,F,F,F,F,F,F,F,F,F,F,F,F,F,F,F,F,F,F,F,F,F,F,F,F,F,F,F,F,F,F,F,F,F,2.3,F,F,F,F,F,F,F,F,F,F,F,F
ATSK11,Bo9g010800,F,F,F,F,F,F,F,F,F,F,F,F,F,F,F,F,F,F,F,F,F,F,F,F,F,F,F,F,F,F,F,F,F,F,F,F,F,F,F,F,F,F,F,2.3,F,F,F,F,F,F,F,F,F,F,F,F
GIF1,Bo9g010000,F,F,F,F,F,F,F,F,F,F,F,F,F,F,F,F,F,F,F,F,F,F,F,F,F,F,F,F,F,F,F,F,F,F,F,F,F,F,F,F,F,F,F,2.76,F,F,F,F,F,F,F,F,F,F,F,F
AGL79,Bo9g009030,F,F,F,F,F,F,F,F,F,F,F,F,F,F,F,F,F,F,F,F,F,F,F,F,F,F,F,F,F,F,F,F,F,F,F,F,F,F,F,F,F,F,F,3.25,F,F,F,F,F,F,F,F,F,F,F,F
ATSK15,Bo4g173750,F,F,F,F,F,F,F,F,F,F,F,F,F,F,F,F,F,F,3.98,F,F,F,F,F,F,F,F,F,5.16,F,F,F,F,F,F,F,F,F,F,F,F,F,-12.14,F,F,F,F,F,F,F,F,F,F,F,F,F
ATSK11,Bo4g173750,F,F,F,F,F,F,F,F,F,F,F,F,F,F,F,F,F,F,3.98,F,F,F,F,F,F,F,F,F,5.16,F,F,F,F,F,F,F,F,F,F,F,F,F,-12.14,F,F,F,F,F,F,F,F,F,F,F,F,F
SLP,Bo4g164970,F,F,F,F,F,F,F,F,F,F,F,F,F,F,F,F,F,F,6.14,F,F,F,F,F,F,F,F,F,7.32,F,F,F,F,F,F,F,F,F,F,F,F,F,-9.98,F,F,F,F,F,F,F,F,F,F,F,F,F
CVL3,Bo4g162600,F,F,F,F,F,F,F,F,F,F,F,F,F,F,F,F,F,F,6.42,F,F,F,F,F,F,F,F,F,7.6,F,F,F,F,F,F,F,F,F,F,F,F,F,-9.7,F,F,F,F,F,F,F,F,F,F,F,F,F
COL4,Bo4g156090,F,F,F,F,F,F,F,F,F,F,F,F,F,F,F,F,F,F,7.59,F,F,F,F,F,F,F,F,F,8.77,F,F,F,F,F,F,F,F,F,F,F,F,F,-8.53,F,F,F,F,F,F,F,F,F,F,F,F,F
REM1,Bo4g154950,F,F,F,F,F,F,F,F,F,F,F,F,F,F,F,F,F,F,7.72,F,F,F,F,F,F,F,F,F,8.9,F,F,F,F,F,F,F,F,F,F,F,F,F,-8.4,F,F,F,F,F,F,F,F,F,F,F,F,F
REM1,Bo4g154900,F,F,F,F,F,F,F,F,F,F,F,F,F,F,F,F,F,F,7.74,F,F,F,F,F,F,F,F,F,8.92,F,F,F,F,F,F,F,F,F,F,F,F,F,-8.38,F,F,F,F,F,F,F,F,F,F,F,F,F
REM1,Bo4g154910,F,F,F,F,F,F,F,F,F,F,F,F,F,F,F,F,F,F,7.74,F,F,F,F,F,F,F,F,F,8.92,F,F,F,F,F,F,F,F,F,F,F,F,F,-8.38,F,F,F,F,F,F,F,F,F,F,F,F,F
REM1,Bo4g154890,F,F,F,F,F,F,F,F,F,F,F,F,F,F,F,F,F,F,7.75,F,F,F,F,F,F,F,F,F,8.93,F,F,F,F,F,F,F,F,F,F,F,F,F,-8.37,F,F,F,F,F,F,F,F,F,F,F,F,F
REM1,Bo4g154880,F,F,F,F,F,F,F,F,F,F,F,F,F,F,F,F,F,F,7.76,F,F,F,F,F,F,F,F,F,8.94,F,F,F,F,F,F,F,F,F,F,F,F,F,-8.36,F,F,F,F,F,F,F,F,F,F,F,F,F
REM1,Bo4g154840,F,F,F,F,F,F,F,F,F,F,F,F,F,F,F,F,F,F,7.78,F,F,F,F,F,F,F,F,F,8.96,F,F,F,F,F,F,F,F,F,F,F,F,F,-8.34,F,F,F,F,F,F,F,F,F,F,F,F,F
REM1,Bo4g154830,F,F,F,F,F,F,F,F,F,F,F,F,F,F,F,F,F,F,7.79,F,F,F,F,F,F,F,F,F,8.97,F,F,F,F,F,F,F,F,F,F,F,F,F,-8.33,F,F,F,F,F,F,F,F,F,F,F,F,F
REM1,Bo4g154810,F,F,F,F,F,F,F,F,F,F,F,F,F,F,F,F,F,F,7.8,F,F,F,F,F,F,F,F,F,8.98,F,F,F,F,F,F,F,F,F,F,F,F,F,-8.32,F,F,F,F,F,F,F,F,F,F,F,F,F
CURLY LEAF,Bo4g151570,F,F,F,F,F,F,F,F,F,F,F,F,F,F,F,F,F,F,F,F,F,F,F,F,F,F,F,F,9.99,F,F,F,F,F,F,F,F,F,F,F,F,F,-7.31,F,F,F,F,F,F,F,F,F,F,F,F,F
SVP/AGL22,Bo4g149800,F,F,F,F,F,F,F,F,F,F,F,F,F,F,F,F,F,F,F,F,F,F,F,F,F,F,F,F,10.81,F,F,F,F,F,F,F,F,F,F,F,F,F,-6.49,F,F,F,F,F,F,F,F,F,F,F,F,F
REM1,Bo4g140670,F,F,F,F,F,F,F,F,F,F,F,F,F,F,F,F,F,F,F,F,F,F,F,F,F,F,F,F,13.42,F,F,F,F,F,F,F,F,F,F,F,F,F,-3.88,F,F,F,F,F,F,F,F,F,F,F,F,F
ADP1,Bo9g152550,F,F,F,F,F,F,F,F,F,F,F,3.93,F,F,F,F,F,F,F,F,F,F,F,F,F,F,F,F,F,F,F,F,F,F,F,F,F,F,F,F,F,-8.44,F,F,F,F,F,F,F,F,F,F,F,F,F,F
RPT2a,Bo9g152170,F,F,F,F,F,F,F,F,F,F,F,4.09,F,F,F,F,F,F,F,F,F,F,F,F,F,F,F,F,F,F,F,F,F,F,F,F,F,F,F,F,F,-8.28,F,F,F,F,F,F,F,F,F,F,F,F,F,F
PI,Bo9g152080,F,F,F,F,F,F,F,F,F,F,F,4.16,F,F,F,F,F,F,F,F,F,F,F,F,F,F,F,F,F,F,F,F,F,F,F,F,F,F,F,F,F,-8.21,F,F,F,F,F,F,F,F,F,F,F,F,F,F
REM1,Bo9g148330,F,F,F,F,F,F,F,F,F,F,F,5.53,F,F,F,F,F,F,F,F,F,F,F,F,F,F,F,F,F,F,F,F,F,F,F,F,F,F,F,F,F,-6.84,F,F,F,F,F,F,F,F,F,F,F,F,F,F
REV,Bo9g146910,F,F,F,F,F,F,F,F,F,F,F,5.9,F,F,F,F,F,F,F,F,F,F,F,F,F,F,F,F,F,F,F,F,F,F,F,F,F,F,F,F,F,-6.47,F,F,F,F,F,F,F,F,F,F,F,F,F,F
TOE2,Bo9g141100,F,F,F,F,F,F,F,F,F,F,F,6.52,F,F,F,F,F,F,F,F,F,F,F,F,F,F,F,F,F,F,F,F,F,F,F,F,F,F,F,F,F,-5.85,F,F,F,F,F,F,F,F,F,F,F,F,F,F
PRR7[Bra009565],Bo9g141080,F,F,F,F,F,F,F,F,F,F,F,6.54,F,F,F,F,F,F,F,F,F,F,F,F,F,F,F,F,F,F,F,F,F,F,F,F,F,F,F,F,F,-5.83,F,F,F,F,F,F,F,F,F,F,F,F,F,F
AGL79,Bo2g149440,F,F,F,F,F,F,F,F,F,F,F,F,F,F,F,F,F,F,F,F,F,F,F,F,F,F,F,F,F,F,F,F,F,F,F,F,F,F,F,-5.08,F,F,F,F,F,F,F,F,F,F,F,F,F,F,F,F
WRKY4,Bo2g137260,F,F,F,F,F,F,F,F,F,F,F,F,F,F,F,F,F,F,F,F,F,F,F,F,F,F,F,F,F,F,F,F,F,F,F,F,F,F,F,-2.39,F,F,F,F,F,F,F,F,F,F,F,F,F,F,F,F
WRKY4,Bo2g136900,F,F,F,F,F,F,F,F,F,F,F,F,F,F,F,F,F,F,F,F,F,F,F,F,F,F,F,F,F,F,F,F,F,F,F,F,F,F,F,-2.06,F,F,F,F,F,F,F,F,F,F,F,F,F,F,F,F
PIN1,Bo2g134160,F,F,F,F,F,F,F,F,F,F,F,F,F,F,F,F,F,F,F,F,F,F,F,F,F,F,F,F,F,F,F,F,F,F,F,F,F,F,F,-0.27,F,F,F,F,F,F,F,F,F,F,F,F,F,F,F,F
TET1,Bo2g131360,F,F,F,F,F,F,F,F,F,F,F,F,F,F,F,F,F,F,F,F,F,F,F,F,F,F,F,F,F,F,F,F,F,F,F,F,F,F,F,1.1,F,F,F,F,F,F,F,F,F,F,F,F,F,F,F,F
UFO,Bo2g121010,F,F,F,F,F,F,F,F,F,F,F,F,F,F,F,F,F,F,F,F,F,F,F,F,F,F,F,F,F,F,F,F,F,F,F,F,F,F,F,3.91,F,F,F,F,F,F,F,F,F,F,F,F,F,F,F,F
UFO,Bo2g121010,F,F,F,F,F,F,F,F,F,F,F,F,F,F,F,F,F,F,F,F,F,F,F,F,F,F,F,F,F,F,F,F,F,F,F,F,F,F,F,3.91,F,F,F,F,F,F,F,F,F,F,F,F,F,F,F,F
LD,Bo2g100790,F,F,F,F,F,F,F,F,F,F,F,F,F,F,F,F,F,F,F,F,F,F,F,F,F,F,F,F,F,F,F,F,F,F,F,F,F,F,F,12.56,F,F,F,F,F,F,F,F,F,F,F,F,F,F,F,F
PIN1,Bo2g080660,F,F,F,F,F,F,F,F,F,F,F,F,F,F,F,F,F,F,F,F,F,F,F,F,F,F,F,F,F,F,F,F,F,F,F,F,F,F,F,19.33,F,F,F,F,F,F,F,F,F,F,F,F,F,F,F,F
PIN1,Bo2g070690,F,F,F,F,F,F,F,F,F,F,F,F,F,F,F,F,F,F,F,F,F,F,F,F,F,F,F,F,F,F,F,F,F,F,F,F,F,F,F,21.24,F,F,F,F,F,F,F,F,F,F,F,F,F,F,F,F
SVP/AGL22,Bo8g101000,F,F,F,F,F,F,F,F,F,F,F,F,F,F,F,F,F,F,F,F,F,F,F,F,F,F,F,F,F,F,F,F,F,F,F,F,F,-6.55,F,F,F,F,F,F,F,F,F,F,F,F,F,F,F,F,F,F
REM1,Bo8g099680,F,F,F,F,F,F,F,F,F,F,F,F,F,F,F,F,F,F,F,F,F,F,F,F,F,F,F,F,F,F,F,F,F,F,F,F,F,-5.67,F,F,F,F,F,F,F,F,F,F,F,F,F,F,F,F,F,F
REM1,Bo8g099630,F,F,F,F,F,F,F,F,F,F,F,F,F,F,F,F,F,F,F,F,F,F,F,F,F,F,F,F,F,F,F,F,F,F,F,F,F,-5.65,F,F,F,F,F,F,F,F,F,F,F,F,F,F,F,F,F,F
REM1,Bo8g099610,F,F,F,F,F,F,F,F,F,F,F,F,F,F,F,F,F,F,F,F,F,F,F,F,F,F,F,F,F,F,F,F,F,F,F,F,F,-5.63,F,F,F,F,F,F,F,F,F,F,F,F,F,F,F,F,F,F
ERECTA,Bo8g098780,F,F,F,F,F,F,F,F,F,F,F,F,F,F,F,F,F,F,F,F,F,F,F,F,F,F,F,F,F,F,F,F,F,F,F,F,F,-5.14,F,F,F,F,F,F,F,F,F,F,F,F,F,F,F,F,F,F
ERECTA,Bo8g098760,F,F,F,F,F,F,F,F,F,F,F,F,F,F,F,F,F,F,F,F,F,F,F,F,F,F,F,F,F,F,F,F,F,F,F,F,F,-5.13,F,F,F,F,F,F,F,F,F,F,F,F,F,F,F,F,F,F
LMI2,Bo8g095790,F,F,F,F,F,F,F,F,F,F,F,F,F,F,F,F,F,F,F,F,F,F,F,F,F,F,F,F,F,F,F,F,F,F,F,F,F,-4.07,F,F,F,F,F,F,F,F,F,F,F,F,F,F,F,F,F,F
ATSK16,Bo8g095680,F,F,F,F,F,F,F,F,F,F,F,F,F,F,F,F,F,F,F,F,F,F,F,F,F,F,F,F,F,F,F,F,F,F,F,F,F,-4,F,F,F,F,F,F,F,F,F,F,F,F,F,F,F,F,F,F
ATSK11,Bo8g095680,F,F,F,F,F,F,F,F,F,F,F,F,F,F,F,F,F,F,F,F,F,F,F,F,F,F,F,F,F,F,F,F,F,F,F,F,F,-4,F,F,F,F,F,F,F,F,F,F,F,F,F,F,F,F,F,F
FPA,Bo8g094300,F,F,F,F,F,F,F,F,F,F,F,F,F,F,F,F,F,F,F,F,F,F,F,F,F,F,F,F,F,F,F,F,F,F,F,F,F,-3.26,F,F,F,F,F,F,F,F,F,F,F,F,F,F,F,F,F,F
PIF4,Bo8g093060,F,F,F,F,F,F,F,F,F,F,F,F,F,F,F,F,F,F,F,F,F,F,F,F,F,F,F,F,F,F,F,F,F,F,F,F,F,-3.12,F,F,F,F,F,F,F,F,F,F,F,F,F,F,F,F,F,F
AP3,Bo8g083600,F,F,F,F,F,F,F,F,F,F,F,F,F,F,F,F,F,F,F,F,F,F,F,F,F,F,F,F,F,F,F,F,F,F,F,F,F,-0.35,F,F,F,F,F,F,F,F,F,F,F,F,F,F,F,F,F,F
AP2,Bo7g118400,F,F,F,F,F,F,-4.06,F,F,F,F,F,F,F,F,F,F,F,F,F,F,F,F,F,F,F,F,F,F,F,F,F,F,F,F,-1.01,F,F,F,F,F,F,F,F,F,F,F,F,F,F,F,F,F,F,F,F
ROT3,Bo7g117920,F,F,F,F,F,F,-3.84,F,F,F,F,F,F,F,F,F,F,F,F,F,F,F,F,F,F,F,F,F,F,F,F,F,F,F,F,-0.79,F,F,F,F,F,F,F,F,F,F,F,F,F,F,F,F,F,F,F,F
FD,Bo7g117660,F,F,F,F,F,F,-3.69,F,F,F,F,F,F,F,F,F,F,F,F,F,F,F,F,F,F,F,F,F,F,F,F,F,F,F,F,-0.64,F,F,F,F,F,F,F,F,F,F,F,F,F,F,F,F,F,F,F,F
REM1,Bo7g115340,F,F,F,F,F,F,-2.54,F,F,F,F,F,F,F,F,F,F,F,F,F,F,F,F,F,F,F,F,F,F,F,F,F,F,F,F,0.51,F,F,F,F,F,F,F,F,F,F,F,F,F,F,F,F,F,F,F,F
REM1,Bo7g115310,F,F,F,F,F,F,-2.52,F,F,F,F,F,F,F,F,F,F,F,F,F,F,F,F,F,F,F,F,F,F,F,F,F,F,F,F,0.53,F,F,F,F,F,F,F,F,F,F,F,F,F,F,F,F,F,F,F,F
SOC1,Bo4g195720,F,F,F,F,F,F,F,F,F,F,F,F,F,F,F,F,F,F,F,F,F,F,F,F,F,F,F,F,-1.49,F,F,F,F,F,F,F,F,F,F,F,F,F,F,F,F,F,F,F,F,F,F,F,F,F,F,F
YAB1,Bo4g195410,F,F,F,F,F,F,F,F,F,F,F,F,F,F,F,F,F,F,F,F,F,F,F,F,F,F,F,F,-1.34,F,F,F,F,F,F,F,F,F,F,F,F,F,F,F,F,F,F,F,F,F,F,F,F,F,F,F
CCD7,Bo4g195310,F,F,F,F,F,F,F,F,F,F,F,F,F,F,F,F,F,F,F,F,F,F,F,F,F,F,F,F,-1.29,F,F,F,F,F,F,F,F,F,F,F,F,F,F,F,F,F,F,F,F,F,F,F,F,F,F,F
ARL,Bo4g194800,F,F,F,F,F,F,F,F,F,F,F,F,F,F,F,F,F,F,F,F,F,F,F,F,F,F,F,F,-1,F,F,F,F,F,F,F,F,F,F,F,F,F,F,F,F,F,F,F,F,F,F,F,F,F,F,F
PIF4,Bo4g192880,F,F,F,F,F,F,F,F,F,F,F,F,F,F,F,F,F,F,-1.71,F,F,F,F,F,F,F,F,F,-0.53,F,F,F,F,F,F,F,F,F,F,F,F,F,F,F,F,F,F,F,F,F,F,F,F,F,F,F
SPL9,Bo4g191350,F,F,F,F,F,F,F,F,F,F,F,F,F,F,F,F,F,F,-1.42,F,F,F,F,F,F,F,F,F,-0.24,F,F,F,F,F,F,F,F,F,F,F,F,F,F,F,F,F,F,F,F,F,F,F,F,F,F,F
ELF4,Bo4g188760,F,F,F,F,F,F,F,F,F,F,F,F,F,F,F,F,F,F,-0.49,F,F,F,F,F,F,F,F,F,0.69,F,F,F,F,F,F,F,F,F,F,F,F,F,F,F,F,F,F,F,F,F,F,F,F,F,F,F
PLL1,Bo4g183240,F,F,F,F,F,F,F,F,F,F,F,F,F,F,F,F,F,F,1.71,F,F,F,F,F,F,F,F,F,2.89,F,F,F,F,F,F,F,F,F,F,F,F,F,F,F,F,F,F,F,F,F,F,F,F,F,F,F
EMB1611,Bo4g182850,F,F,F,F,F,F,F,F,F,F,F,F,F,F,F,F,F,F,1.93,F,F,F,F,F,F,F,F,F,3.11,F,F,F,F,F,F,F,F,F,F,F,F,F,F,F,F,F,F,F,F,F,F,F,F,F,F,F
BoLL1?,Bo3g002560,F,F,F,F,F,F,F,F,-0.03,F,F,F,-0.03,F,F,F,F,F,F,F,F,F,F,F,F,F,F,0.9,F,F,F,F,F,F,F,F,F,F,F,F,F,F,F,F,F,F,F,F,F,F,F,F,F,F,F,F
LMI1,Bo3g002560,F,F,F,F,F,F,F,F,-0.03,F,F,F,-0.03,F,F,F,F,F,F,F,F,F,F,F,F,F,F,0.9,F,F,F,F,F,F,F,F,F,F,F,F,F,F,F,F,F,F,F,F,F,F,F,F,F,F,F,F
LHY,Bo3g001090,F,F,F,F,F,F,F,F,0.68,F,F,F,0.68,F,F,F,F,F,F,F,F,F,F,F,F,F,F,1.61,F,F,F,F,F,F,F,F,F,F,F,F,F,F,F,F,F,F,F,F,F,F,F,F,F,F,F,F
TET1,Bo7g075630,F,F,F,F,F,F,F,F,F,F,F,F,F,F,F,F,F,F,F,F,F,F,F,F,F,F,-18.49,F,F,F,F,F,F,F,F,F,F,F,F,F,F,F,F,F,F,F,F,F,F,F,F,F,F,F,F,F
TET1,Bo7g075620,F,F,F,F,F,F,F,F,F,F,F,F,F,F,F,F,F,F,F,F,F,F,F,F,F,F,-18.46,F,F,F,F,F,F,F,F,F,F,F,F,F,F,F,F,F,F,F,F,F,F,F,F,F,F,F,F,F
TOE3,Bo7g064000,F,F,F,F,F,F,F,F,F,F,F,F,F,F,F,F,F,F,F,F,F,F,F,F,F,F,-13.94,F,F,F,F,F,F,F,F,F,F,F,F,F,F,F,F,F,F,F,F,F,F,F,F,F,F,F,F,F
MONOPTEROS/ARF5,Bo7g062090,F,F,F,F,F,F,F,F,F,F,F,F,F,F,F,F,F,F,F,F,F,F,F,F,F,F,-13.11,F,F,F,F,F,F,F,F,F,F,F,F,F,F,F,F,F,F,F,F,F,F,F,F,F,F,F,F,F
WOX14,Bo7g061410,F,F,F,F,F,F,F,F,F,F,F,F,F,F,F,F,F,F,F,F,F,F,F,F,F,F,-12.63,F,F,F,F,F,F,F,F,F,F,F,F,F,F,F,F,F,F,F,F,F,F,F,F,F,F,F,F,F
PIN1,Bo7g056420,F,F,F,F,F,F,F,F,F,F,F,F,F,F,F,F,F,F,F,F,F,F,F,F,F,F,-10.8,F,F,F,F,F,F,F,F,F,F,F,F,F,F,F,F,F,F,F,F,F,F,F,F,F,F,F,F,F
REM1,Bo7g054150,F,F,F,F,F,F,F,F,F,F,F,F,F,F,F,F,F,F,F,F,F,F,F,F,F,F,-9.6,F,F,F,F,F,F,F,F,F,F,F,F,F,F,F,F,F,F,F,F,F,F,F,F,F,F,F,F,F
REM1,Bo7g054160,F,F,F,F,F,F,F,F,F,F,F,F,F,F,F,F,F,F,F,F,F,F,F,F,F,F,-9.6,F,F,F,F,F,F,F,F,F,F,F,F,F,F,F,F,F,F,F,F,F,F,F,F,F,F,F,F,F
SEP3,Bo7g050030,F,F,F,F,F,F,F,F,F,F,F,F,F,F,F,F,F,F,F,F,F,F,F,F,F,F,-8.39,F,F,F,F,F,F,F,F,F,F,F,F,F,F,F,F,F,F,F,F,F,F,F,F,F,F,F,F,F
SEP3,Bo7g050020,F,F,F,F,F,F,F,F,F,F,F,F,F,F,F,F,F,F,F,F,F,F,F,F,F,F,-8.37,F,F,F,F,F,F,F,F,F,F,F,F,F,F,F,F,F,F,F,F,F,F,F,F,F,F,F,F,F
ATBZIP27,Bo7g014040,F,F,F,F,F,F,F,F,F,F,F,F,F,F,F,F,F,F,F,F,F,F,F,F,F,F,5.34,F,F,F,F,F,F,F,F,F,F,F,F,F,F,F,F,F,F,F,F,F,F,F,F,F,F,F,F,F
WUS,Bo7g012820,F,F,F,F,F,F,F,F,F,F,F,F,F,F,F,F,F,F,F,F,F,F,F,F,F,F,5.55,F,F,F,F,F,F,F,F,F,F,F,F,F,F,F,F,F,F,F,F,F,F,F,F,F,F,F,F,F
ATSK14,Bo5g145040,F,F,F,F,F,F,F,F,F,F,F,F,F,F,F,F,F,F,F,F,F,F,F,F,-1.89,F,F,F,F,F,F,F,F,F,F,F,F,F,F,F,F,F,F,F,F,F,F,F,F,F,F,F,F,F,F,F
ATSK11,Bo5g145040,F,F,F,F,F,F,F,F,F,F,F,F,F,F,F,F,F,F,F,F,F,F,F,F,-1.89,F,F,F,F,F,F,F,F,F,F,F,F,F,F,F,F,F,F,F,F,F,F,F,F,F,F,F,F,F,F,F
CCD8,Bo1g009920,F,F,F,F,F,F,F,0.13,F,F,F,F,F,F,F,F,F,F,F,-1.15,F,-0.06,-1.93,F,F,F,F,F,F,F,F,F,F,F,F,F,F,F,F,F,F,F,F,F,F,F,F,F,F,F,F,F,F,F,F,F
CCD8,Bo1g008700,F,F,F,F,F,F,F,0.27,F,F,F,F,F,F,F,F,F,F,F,-1.01,F,0.08,-1.79,F,F,F,F,F,F,F,F,F,F,F,F,F,F,F,F,F,F,F,F,F,F,F,F,F,F,F,F,F,F,F,F,F
FD,Bo1g006110,F,F,F,F,F,F,F,1.6,F,F,F,F,F,F,F,F,F,F,F,0.32,F,1.41,-0.46,F,F,F,F,F,F,F,F,F,F,F,F,F,F,F,F,F,F,F,F,F,F,F,F,F,F,F,F,F,F,F,F,F
ROT3,Bo1g005700,F,F,F,F,F,F,F,1.89,F,F,F,F,F,F,F,F,F,F,F,0.61,F,1.7,-0.17,F,F,F,F,F,F,F,F,F,F,F,F,F,F,F,F,F,F,F,F,F,F,F,F,F,F,F,F,F,F,F,F,F
AP2,Bo1g004960,F,F,F,F,F,F,F,F,F,F,F,F,F,F,F,F,F,F,F,1.01,F,F,0.23,F,F,F,F,F,F,F,F,F,F,F,F,F,F,F,F,F,F,F,F,F,F,F,F,F,F,F,F,F,F,F,F,F
VRN1,Bo1g115980,F,F,F,F,F,F,F,F,F,F,F,F,F,F,F,F,F,F,F,F,-28.73,-31.64,F,F,F,F,F,F,F,F,F,F,F,F,F,F,F,F,F,F,F,F,F,F,F,F,F,F,F,F,F,F,F,F,F,F
FCA,Bo1g054910,F,F,F,F,F,F,F,F,F,F,F,F,F,F,F,F,F,F,F,-13.83,-9.83,-12.74,F,F,F,F,F,F,F,F,F,F,F,F,F,F,F,F,F,F,F,F,F,F,F,F,F,F,F,F,F,F,F,F,F,F
MGO1,Bo1g046620,F,F,F,F,F,F,F,F,F,F,F,F,F,F,F,F,F,F,F,-11.41,-7.41,-10.32,F,F,F,F,F,F,F,F,F,F,F,F,F,F,F,F,F,F,F,F,F,F,F,F,F,F,F,F,F,F,F,F,F,F
CCD4,Bo1g020270,F,F,F,F,F,F,F,F,F,F,F,F,F,F,F,F,F,F,F,-5.31,-1.31,-4.22,F,F,F,F,F,F,F,F,F,F,F,F,F,F,F,F,F,F,F,F,F,F,F,F,F,F,F,F,F,F,F,F,F,F
ATSK16,Bo1g019860,F,F,F,F,F,F,F,F,F,F,F,F,F,F,F,F,F,F,F,-5.03,-1.03,-3.94,F,F,F,F,F,F,F,F,F,F,F,F,F,F,F,F,F,F,F,F,F,F,F,F,F,F,F,F,F,F,F,F,F,F
ATSK11,Bo1g019860,F,F,F,F,F,F,F,F,F,F,F,F,F,F,F,F,F,F,F,-5.03,-1.03,-3.94,F,F,F,F,F,F,F,F,F,F,F,F,F,F,F,F,F,F,F,F,F,F,F,F,F,F,F,F,F,F,F,F,F,F
RPT2a,Bo1g016890,F,F,F,F,F,F,F,F,F,F,F,F,F,F,F,F,F,F,F,-3.56,0.44,-2.47,F,F,F,F,F,F,F,F,F,F,F,F,F,F,F,F,F,F,F,F,F,F,F,F,F,F,F,F,F,F,F,F,F,F
ADP1,Bo1g016680,F,F,F,F,F,F,F,F,F,F,F,F,F,F,F,F,F,F,F,-3.39,0.61,-2.3,F,F,F,F,F,F,F,F,F,F,F,F,F,F,F,F,F,F,F,F,F,F,F,F,F,F,F,F,F,F,F,F,F,F
VIN3,Bo1g014420,F,F,F,F,F,F,F,-1.27,F,F,F,F,F,F,F,F,F,F,F,-2.55,1.45,-1.46,F,F,F,F,F,F,F,F,F,F,F,F,F,F,F,F,F,F,F,F,F,F,F,F,F,F,F,F,F,F,F,F,F,F
AG,Bo1g020110,F,F,F,F,F,F,F,-0.63,F,F,F,F,F,F,F,F,F,F,F,-1.91,2.09,-0.82,F,F,F,F,F,F,F,F,F,F,F,F,F,F,F,F,F,F,F,F,F,F,F,F,F,F,F,F,F,F,F,F,F,F
REM1,Bo1g011140,F,F,F,F,F,F,F,-0.55,F,F,F,F,F,F,F,F,F,F,F,-1.83,2.17,-0.74,F,F,F,F,F,F,F,F,F,F,F,F,F,F,F,F,F,F,F,F,F,F,F,F,F,F,F,F,F,F,F,F,F,F
REM1,Bo1g011150,F,F,F,F,F,F,F,-0.55,F,F,F,F,F,F,F,F,F,F,F,-1.83,2.17,-0.74,F,F,F,F,F,F,F,F,F,F,F,F,F,F,F,F,F,F,F,F,F,F,F,F,F,F,F,F,F,F,F,F,F,F
REM1,Bo1g011130,F,F,F,F,F,F,F,-0.54,F,F,F,F,F,F,F,F,F,F,F,-1.82,2.18,-0.73,F,F,F,F,F,F,F,F,F,F,F,F,F,F,F,F,F,F,F,F,F,F,F,F,F,F,F,F,F,F,F,F,F,F
REM1,Bo1g011120,F,F,F,F,F,F,F,-0.53,F,F,F,F,F,F,F,F,F,F,F,-1.81,2.19,-0.72,F,F,F,F,F,F,F,F,F,F,F,F,F,F,F,F,F,F,F,F,F,F,F,F,F,F,F,F,F,F,F,F,F,F
REM1,Bo1g011080,F,F,F,F,F,F,F,-0.51,F,F,F,F,F,F,F,F,F,F,F,-1.79,2.21,-0.7,F,F,F,F,F,F,F,F,F,F,F,F,F,F,F,F,F,F,F,F,F,F,F,F,F,F,F,F,F,F,F,F,F,F
REM1,Bo1g011090,F,F,F,F,F,F,F,-0.51,F,F,F,F,F,F,F,F,F,F,F,-1.79,2.21,-0.7,F,F,F,F,F,F,F,F,F,F,F,F,F,F,F,F,F,F,F,F,F,F,F,F,F,F,F,F,F,F,F,F,F,F
AT4G32700.2,Bo1g010100,F,F,F,F,F,F,F,0.01,F,F,F,F,F,F,F,F,F,F,F,-1.27,F,-0.18,F,F,F,F,F,F,F,F,F,F,F,F,F,F,F,F,F,F,F,F,F,F,F,F,F,F,F,F,F,F,F,F,F,F
BRC1,Bo1g117490,F,F,F,F,F,F,F,F,F,F,F,F,F,F,F,F,F,F,F,F,-29.15,F,F,F,F,F,F,F,F,F,F,F,F,F,F,F,F,F,F,F,F,F,F,F,F,F,F,F,F,F,F,F,F,F,F,F
PHYA,Bo8g111060,F,F,F,F,F,F,F,F,F,F,F,F,F,F,F,F,F,-1.57,F,F,F,F,F,F,F,F,F,F,F,F,F,F,F,F,F,F,F,F,F,F,F,F,F,F,F,F,F,F,F,F,F,F,F,F,F,F
RAV1,Bo8g107500,F,F,F,F,F,F,F,F,F,F,F,F,F,F,F,F,F,-0.19,F,F,F,F,F,F,F,F,F,F,F,F,F,F,F,F,F,F,F,F,F,F,F,F,F,F,F,F,F,F,F,F,F,F,F,F,F,F
DRL1,Bo8g107190,F,F,F,F,F,F,F,F,F,F,F,F,F,F,F,F,F,0.01,F,F,F,F,F,F,F,F,F,F,F,F,F,F,F,F,F,F,F,F,F,F,F,F,F,F,F,F,F,F,F,F,F,F,F,F,F,F
TOPLESS/TPL,Bo8g105910,F,F,F,F,F,F,F,F,F,F,F,F,F,F,F,F,F,0.67,F,F,F,F,F,F,F,F,F,F,F,F,F,F,F,F,F,F,F,F,F,F,F,F,F,F,F,F,F,F,F,F,F,F,F,F,F,F
ADP1,Bo2g018290,F,F,F,F,F,F,F,F,F,F,F,F,F,F,F,F,F,F,F,F,F,F,F,F,F,F,F,F,F,F,F,F,F,F,F,F,F,F,F,F,F,F,F,F,F,F,F,F,F,F,F,F,F,F,F,F
AGL35,Bo2g155770,F,F,F,F,F,F,F,F,F,F,F,F,F,F,F,F,F,F,F,F,F,F,F,F,F,F,F,F,F,F,F,F,F,F,F,F,F,F,F,F,F,F,F,F,F,F,F,F,F,F,F,F,F,F,F,F
AGL35,Bo2g155830,F,F,F,F,F,F,F,F,F,F,F,F,F,F,F,F,F,F,F,F,F,F,F,F,F,F,F,F,F,F,F,F,F,F,F,F,F,F,F,F,F,F,F,F,F,F,F,F,F,F,F,F,F,F,F,F
AGL35,Bo2g155860,F,F,F,F,F,F,F,F,F,F,F,F,F,F,F,F,F,F,F,F,F,F,F,F,F,F,F,F,F,F,F,F,F,F,F,F,F,F,F,F,F,F,F,F,F,F,F,F,F,F,F,F,F,F,F,F
AGL35,Bo2g156340,F,F,F,F,F,F,F,F,F,F,F,F,F,F,F,F,F,F,F,F,F,F,F,F,F,F,F,F,F,F,F,F,F,F,F,F,F,F,F,F,F,F,F,F,F,F,F,F,F,F,F,F,F,F,F,F
AN,Bo5g002440,F,F,F,F,F,F,F,F,F,F,F,F,F,F,F,F,F,F,F,F,F,F,F,F,F,F,F,F,F,F,F,F,F,F,F,F,F,F,F,F,F,F,F,F,F,F,F,F,F,F,F,F,F,F,F,F
AP1,Bo2g062650,F,F,F,F,F,F,F,F,F,F,F,F,F,F,F,F,F,F,F,F,F,F,F,F,F,F,F,F,F,F,F,F,F,F,F,F,F,F,F,F,F,F,F,F,F,F,F,F,F,F,F,F,F,F,F,F
AtGRF1/2,Bo5g002670,F,F,F,F,F,F,F,F,F,F,F,F,F,F,F,F,F,F,F,F,F,F,F,F,F,F,F,F,F,F,F,F,F,F,F,F,F,F,F,F,F,F,F,F,F,F,F,F,F,F,F,F,F,F,F,F
AtGRF1/2,Bo8g117720,F,F,F,F,F,F,F,F,F,F,F,F,F,F,F,F,F,F,F,F,F,F,F,F,F,F,F,F,F,F,F,F,F,F,F,F,F,F,F,F,F,F,F,F,F,F,F,F,F,F,F,F,F,F,F,F
BODENLOS/IAA12,Bo8g115480,F,F,F,F,F,F,F,F,F,F,F,F,F,F,F,F,F,F,F,F,F,F,F,F,F,F,F,F,F,F,F,F,F,F,F,F,F,F,F,F,F,F,F,F,F,F,F,F,F,F,F,F,F,F,F,F
BoLL1?,Bo2g005230,F,F,F,F,F,F,F,F,F,F,F,F,F,F,F,F,F,F,F,F,F,F,F,F,F,F,F,F,F,F,F,F,F,F,F,F,F,F,F,F,F,F,F,F,F,F,F,F,F,F,F,F,F,F,F,F
BoLL1?,Bo9g181720,F,F,F,F,F,F,F,F,F,F,F,F,F,F,F,F,F,F,F,F,F,F,F,F,F,F,F,F,F,F,F,F,F,F,F,F,F,F,F,F,F,F,F,F,F,F,F,F,F,F,F,F,F,F,F,F
BoLL1?,Bo9g181710,F,F,F,F,F,F,F,F,F,F,F,F,F,F,F,F,F,F,F,F,F,F,F,F,F,F,F,F,F,F,F,F,F,F,F,F,F,F,F,F,F,F,F,F,F,F,F,F,F,F,F,F,F,F,F,F
COL1,Bo2g012810,F,F,F,F,F,F,F,F,F,F,F,F,F,F,F,F,F,F,F,F,F,F,F,F,F,F,F,F,F,F,F,F,F,F,F,F,F,F,F,F,F,F,F,F,F,F,F,F,F,F,F,F,F,F,F,F
COL2,Bo1g157390,F,F,F,F,F,F,F,F,F,F,F,F,F,F,F,F,F,F,F,F,F,F,F,F,F,F,F,F,F,F,F,F,F,F,F,F,F,F,F,F,F,F,F,F,F,F,F,F,F,F,F,F,F,F,F,F
EMF1,Bo2g010440,F,F,F,F,F,F,F,F,F,F,F,F,F,F,F,F,F,F,F,F,F,F,F,F,F,F,F,F,F,F,F,F,F,F,F,F,F,F,F,F,F,F,F,F,F,F,F,F,F,F,F,F,F,F,F,F
FLC (2?)/MAF1,Bo2g166500,F,F,F,F,F,F,F,F,F,F,F,F,F,F,F,F,F,F,F,F,F,F,F,F,F,F,F,F,F,F,F,F,F,F,F,F,F,F,F,F,F,F,F,F,F,F,F,F,F,F,F,F,F,F,F,F
FLK,Bo5g148050,F,F,F,F,F,F,F,F,F,F,F,F,F,F,F,F,F,F,F,F,F,F,F,F,F,F,F,F,F,F,F,F,F,F,F,F,F,F,F,F,F,F,F,F,F,F,F,F,F,F,F,F,F,F,F,F
FT,Bo2g051350,F,F,F,F,F,F,F,F,F,F,F,F,F,F,F,F,F,F,F,F,F,F,F,F,F,F,F,F,F,F,F,F,F,F,F,F,F,F,F,F,F,F,F,F,F,F,F,F,F,F,F,F,F,F,F,F
FUL,Bo2g161210,F,F,F,F,F,F,F,F,F,F,F,F,F,F,F,F,F,F,F,F,F,F,F,F,F,F,F,F,F,F,F,F,F,F,F,F,F,F,F,F,F,F,F,F,F,F,F,F,F,F,F,F,F,F,F,F
FY,Bo2g011320,F,F,F,F,F,F,F,F,F,F,F,F,F,F,F,F,F,F,F,F,F,F,F,F,F,F,F,F,F,F,F,F,F,F,F,F,F,F,F,F,F,F,F,F,F,F,F,F,F,F,F,F,F,F,F,F
GCT,Bo2g014370,F,F,F,F,F,F,F,F,F,F,F,F,F,F,F,F,F,F,F,F,F,F,F,F,F,F,F,F,F,F,F,F,F,F,F,F,F,F,F,F,F,F,F,F,F,F,F,F,F,F,F,F,F,F,F,F
GIF1,Bo2g152880,F,F,F,F,F,F,F,F,F,F,F,F,F,F,F,F,F,F,F,F,F,F,F,F,F,F,F,F,F,F,F,F,F,F,F,F,F,F,F,F,F,F,F,F,F,F,F,F,F,F,F,F,F,F,F,F
HDA19,Bo1g151980,F,F,F,F,F,F,F,F,F,F,F,F,F,F,F,F,F,F,F,F,F,F,F,F,F,F,F,F,F,F,F,F,F,F,F,F,F,F,F,F,F,F,F,F,F,F,F,F,F,F,F,F,F,F,F,F
LFY,Bo2g161690,F,F,F,F,F,F,F,F,F,F,F,F,F,F,F,F,F,F,F,F,F,F,F,F,F,F,F,F,F,F,F,F,F,F,F,F,F,F,F,F,F,F,F,F,F,F,F,F,F,F,F,F,F,F,F,F
LHY,Bo5g002760,F,F,F,F,F,F,F,F,F,F,F,F,F,F,F,F,F,F,F,F,F,F,F,F,F,F,F,F,F,F,F,F,F,F,F,F,F,F,F,F,F,F,F,F,F,F,F,F,F,F,F,F,F,F,F,F
LMI1,Bo2g005230,F,F,F,F,F,F,F,F,F,F,F,F,F,F,F,F,F,F,F,F,F,F,F,F,F,F,F,F,F,F,F,F,F,F,F,F,F,F,F,F,F,F,F,F,F,F,F,F,F,F,F,F,F,F,F,F
LMI1,Bo9g181710,F,F,F,F,F,F,F,F,F,F,F,F,F,F,F,F,F,F,F,F,F,F,F,F,F,F,F,F,F,F,F,F,F,F,F,F,F,F,F,F,F,F,F,F,F,F,F,F,F,F,F,F,F,F,F,F
MED12,Bo9g002340,F,F,F,F,F,F,F,F,F,F,F,F,F,F,F,F,F,F,F,F,F,F,F,F,F,F,F,F,F,F,F,F,F,F,F,F,F,F,F,F,F,F,F,F,F,F,F,F,F,F,F,F,F,F,F,F
PI,Bo2g020730,F,F,F,F,F,F,F,F,F,F,F,F,F,F,F,F,F,F,F,F,F,F,F,F,F,F,F,F,F,F,F,F,F,F,F,F,F,F,F,F,F,F,F,F,F,F,F,F,F,F,F,F,F,F,F,F
PIN1,Bo6g112590,F,F,F,F,F,F,F,F,F,F,F,F,F,F,F,F,F,F,F,F,F,F,F,F,F,F,F,F,F,F,F,F,F,F,F,F,F,F,F,F,F,F,F,F,F,F,F,F,F,F,F,F,F,F,F,F
PIN2,Bo2g032760,F,F,F,F,F,F,F,F,F,F,F,F,F,F,F,F,F,F,F,F,F,F,F,F,F,F,F,F,F,F,F,F,F,F,F,F,F,F,F,F,F,F,F,F,F,F,F,F,F,F,F,F,F,F,F,F
REM1,Bo1g150380,F,F,F,F,F,F,F,F,F,F,F,F,F,F,F,F,F,F,F,F,F,F,F,F,F,F,F,F,F,F,F,F,F,F,F,F,F,F,F,F,F,F,F,F,F,F,F,F,F,F,F,F,F,F,F,F
REV,Bo2g024680,F,F,F,F,F,F,F,F,F,F,F,F,F,F,F,F,F,F,F,F,F,F,F,F,F,F,F,F,F,F,F,F,F,F,F,F,F,F,F,F,F,F,F,F,F,F,F,F,F,F,F,F,F,F,F,F
RGLG2,Bo2g011850,F,F,F,F,F,F,F,F,F,F,F,F,F,F,F,F,F,F,F,F,F,F,F,F,F,F,F,F,F,F,F,F,F,F,F,F,F,F,F,F,F,F,F,F,F,F,F,F,F,F,F,F,F,F,F,F
RGLG2,Bo5g155020,F,F,F,F,F,F,F,F,F,F,F,F,F,F,F,F,F,F,F,F,F,F,F,F,F,F,F,F,F,F,F,F,F,F,F,F,F,F,F,F,F,F,F,F,F,F,F,F,F,F,F,F,F,F,F,F
SEP2,Bo1g157450,F,F,F,F,F,F,F,F,F,F,F,F,F,F,F,F,F,F,F,F,F,F,F,F,F,F,F,F,F,F,F,F,F,F,F,F,F,F,F,F,F,F,F,F,F,F,F,F,F,F,F,F,F,F,F,F
SEP2,Bo5g152700,F,F,F,F,F,F,F,F,F,F,F,F,F,F,F,F,F,F,F,F,F,F,F,F,F,F,F,F,F,F,F,F,F,F,F,F,F,F,F,F,F,F,F,F,F,F,F,F,F,F,F,F,F,F,F,F
SQUA,Bo5g001290,F,F,F,F,F,F,F,F,F,F,F,F,F,F,F,F,F,F,F,F,F,F,F,F,F,F,F,F,F,F,F,F,F,F,F,F,F,F,F,F,F,F,F,F,F,F,F,F,F,F,F,F,F,F,F,F
SQUA,Bo8g118210,F,F,F,F,F,F,F,F,F,F,F,F,F,F,F,F,F,F,F,F,F,F,F,F,F,F,F,F,F,F,F,F,F,F,F,F,F,F,F,F,F,F,F,F,F,F,F,F,F,F,F,F,F,F,F,F
TFL1,Bo2g005260,F,F,F,F,F,F,F,F,F,F,F,F,F,F,F,F,F,F,F,F,F,F,F,F,F,F,F,F,F,F,F,F,F,F,F,F,F,F,F,F,F,F,F,F,F,F,F,F,F,F,F,F,F,F,F,F
TFL1,Bo9g181670,F,F,F,F,F,F,F,F,F,F,F,F,F,F,F,F,F,F,F,F,F,F,F,F,F,F,F,F,F,F,F,F,F,F,F,F,F,F,F,F,F,F,F,F,F,F,F,F,F,F,F,F,F,F,F,F
TFL2,Bo2g013840,F,F,F,F,F,F,F,F,F,F,F,F,F,F,F,F,F,F,F,F,F,F,F,F,F,F,F,F,F,F,F,F,F,F,F,F,F,F,F,F,F,F,F,F,F,F,F,F,F,F,F,F,F,F,F,F
VIN3,Bo3g175710,F,F,F,F,F,F,F,F,F,F,F,F,F,F,F,F,F,F,F,F,F,F,F,F,F,F,F,F,F,F,F,F,F,F,F,F,F,F,F,F,F,F,F,F,F,F,F,F,F,F,F,F,F,F,F,F
GRF8,Bo2g009880,F,F,F,F,F,F,F,F,F,F,F,F,F,F,F,F,F,F,F,F,F,F,F,F,F,F,F,F,F,F,F,F,F,F,F,F,F,F,F,F,F,F,F,F,F,F,F,F,F,F,F,F,F,F,F,F
TOE2,Bo2g025090,F,F,F,F,F,F,F,F,F,F,F,F,F,F,F,F,F,F,F,F,F,F,F,F,F,F,F,F,F,F,F,F,F,F,F,F,F,F,F,F,F,F,F,F,F,F,F,F,F,F,F,F,F,F,F,F
PLL1,Bo9g184620,F,F,F,F,F,F,F,F,F,F,F,F,F,F,F,F,F,F,F,F,F,F,F,F,F,F,F,F,F,F,F,F,F,F,F,F,F,F,F,F,F,F,F,F,F,F,F,F,F,F,F,F,F,F,F,F
ATSK13,Bo9g002470,F,F,F,F,F,F,F,F,F,F,F,F,F,F,F,F,F,F,F,F,F,F,F,F,F,F,F,F,F,F,F,F,F,F,F,F,F,F,F,F,F,F,F,F,F,F,F,F,F,F,F,F,F,F,F,F
ATSK15,Bo1g150290,F,F,F,F,F,F,F,F,F,F,F,F,F,F,F,F,F,F,F,F,F,F,F,F,F,F,F,F,F,F,F,F,F,F,F,F,F,F,F,F,F,F,F,F,F,F,F,F,F,F,F,F,F,F,F,F
RPT2a,Bo2g028690,F,F,F,F,F,F,F,F,F,F,F,F,F,F,F,F,F,F,F,F,F,F,F,F,F,F,F,F,F,F,F,F,F,F,F,F,F,F,F,F,F,F,F,F,F,F,F,F,F,F,F,F,F,F,F,F
RPT2a,Bo1g151540,F,F,F,F,F,F,F,F,F,F,F,F,F,F,F,F,F,F,F,F,F,F,F,F,F,F,F,F,F,F,F,F,F,F,F,F,F,F,F,F,F,F,F,F,F,F,F,F,F,F,F,F,F,F,F,F
RPT2a,Bo5g145320,F,F,F,F,F,F,F,F,F,F,F,F,F,F,F,F,F,F,F,F,F,F,F,F,F,F,F,F,F,F,F,F,F,F,F,F,F,F,F,F,F,F,F,F,F,F,F,F,F,F,F,F,F,F,F,F
RPT2a,Bo2g018540,F,F,F,F,F,F,F,F,F,F,F,F,F,F,F,F,F,F,F,F,F,F,F,F,F,F,F,F,F,F,F,F,F,F,F,F,F,F,F,F,F,F,F,F,F,F,F,F,F,F,F,F,F,F,F,F
ATSK11,Bo9g002470,F,F,F,F,F,F,F,F,F,F,F,F,F,F,F,F,F,F,F,F,F,F,F,F,F,F,F,F,F,F,F,F,F,F,F,F,F,F,F,F,F,F,F,F,F,F,F,F,F,F,F,F,F,F,F,F
ATSK11,Bo1g150290,F,F,F,F,F,F,F,F,F,F,F,F,F,F,F,F,F,F,F,F,F,F,F,F,F,F,F,F,F,F,F,F,F,F,F,F,F,F,F,F,F,F,F,F,F,F,F,F,F,F,F,F,F,F,F,F
EYE,Bo2g050490,F,F,F,F,F,F,F,F,F,F,F,F,F,F,F,F,F,F,F,F,F,F,F,F,F,F,F,F,F,F,F,F,F,F,F,F,F,F,F,F,F,F,F,F,F,F,F,F,F,F,F,F,F,F,F,F
MGO1,Bo2g040090,F,F,F,F,F,F,F,F,F,F,F,F,F,F,F,F,F,F,F,F,F,F,F,F,F,F,F,F,F,F,F,F,F,F,F,F,F,F,F,F,F,F,F,F,F,F,F,F,F,F,F,F,F,F,F,F
MGO1,Bo2g040080,F,F,F,F,F,F,F,F,F,F,F,F,F,F,F,F,F,F,F,F,F,F,F,F,F,F,F,F,F,F,F,F,F,F,F,F,F,F,F,F,F,F,F,F,F,F,F,F,F,F,F,F,F,F,F,F
